PSME1,CISD1,SPDEF,ATF1,RHEB,IGF1R,FOXO3,GSTM2,RHOA,IL1B,ASAH1,RALA,ARHGEF12,SOX2,SERPINE1,HLA.DMA,EGF,SPTLC2,APP,TSKU,TMEM2,NOS3,CSNK1A1,NFATC4,TBP,SLC2A6,EZH2,ICAM3,BRCA1,PSMD4,PHKG2,ETV1,KDM5B,COG4,MCM3,TERT,SNX13,PAK4,DPH2,SNX6,EED,WIPF2,NENF,RPN1,C2CD2L,GABPB1,POLR2K,PTK2B,PAF1,POLR1C,RUVBL1,AKT1,SENP6,HSPB1,EBP,CASK,RRP8,PIK3C3,BHLHE40,BDH1,SH3BP5,PPP2R5A,EML3,BIRC5,EPRS,PAX8,CBLB,PDS5A,DFFB,TGFB3,XBP1,NMT1,ARFIP2,STAMBP,PRKX,FAH,PLP2,SOX4,TESK1,HN1L,RRAGA,ELOVL6,ACBD3,PMAIP1,TWF2,HDAC6,CCND1,PXN,PHKB,NFKBIB,CASC3,MLEC,GLI2,USP22,TMED10,CHERP,PIK3CA,TRAPPC6A,ATP2C1,USP14,APPBP2,RPS6,ECH1,HDAC2,DFFA,MRPL19,SUZ12,CSNK2A2,TICAM1,KIAA0100,PAICS,CDK2,EDN1,KIAA0494,SQSTM1,HIF1A,WRB,ETFB,CAMSAP2,ARNT2,SPAG7,MAPK1IP1L,MSH6,UBE2C,HS2ST1,TXLNA,DNAJB1,TOPBP1,ABCF1,LGMN,PTGS2,PLA2G4A,MAT2A,MBTPS1,ZNF274,CLIC4,EIF4G1,BTK,MYL9,PSMD2,CLTC,HSD17B10,STX1A,ALDOA,STAT5B,CCNA2,SDHB,ETS1,FOXO4,TOMM34,KIAA0907,HK1,PAPD7,PLOD3,TRAK2,VAPB,HSPD1,BUB1B,MRPL12,PNP,CEBPA,PSMF1,USP1,RPA1,KLHDC2,SCARB1,TPM1,TM9SF2,ATF6,NUP88,FUT1,PRUNE,SYPL1,ZNF451,RALB,TRIM13,FBXO7,PPARD,ENOSF1,STAT3,LIG1,GNB5,INSIG1,DNMT3A,HIST2H2BE,S100A4,KTN1,ARHGAP1,LPAR2,COASY,RASA1,ATMIN,CASP3,PSME2,NISCH,CPSF4,COPB2,GADD45A,SMNDC1,NUDCD3,FGFR2,HMGCR,SLC35B1,TIMP2,LSM6,CALM3,SACM1L,TCERG1,KIAA0196,DNM1,DDIT4,ALAS1,PAFAH1B1,PSRC1,ERO1L,APOE,RBM15B,TOMM70A,CBR1,PRKCD,PIK3R4,CSNK1E,JUN,TMEM50A,SCCPDH,TSC22D3,TFAP2A,ZNF395,VPS72,CLSTN1,MAPK9,SKP1,POP4,NFE2L2,BLCAP,FAM20B,PROS1,CRKL,ZNF318,FDFT1,TRAP1,GTF2A2,PSMD9,MTFR1,UBE2A,NIT1,SYNGR3,NFKB2,STK25,ABCF3,FCHO1,OXSR1,SMARCC1,PAK6,GHR,GLOD4,CDK4,IL4R,PRKAG2,KIT,PTPRC,PSMG1,TMEM97,LRRC41,KIAA1279,TCEAL4,NUP133,NUP62,SPTAN1,MALT1,YKT6,KIF2C,NNT,COL1A1,CDC25A,TP53,IQGAP1,EGR1,MUC1,AURKB,HSPA4,TOP2A,NCK2,AURKA,B3GNT1,CDK5R1,SCP2,RAD9A,DRAP1,PCMT1,FYN,MYC,POLB,CETN3,SMC4,SMARCD2,MPZL1,NRAS,EBNA1BP2,TATDN2,LRPAP1,BNIP3L,TBPL1,RAE1,CDK1,SLC35A1,NIPSNAP1,BCL7B,TIMELESS,DHX29,MMP2,TCEA2,FHL2,FKBP4,KAT6A,CDK7,MAP3K4,ZFP36,INPP1,RAC2,HMOX1,COL4A1,EPB41L2,GNAI2,TSTA3,DNMT1,RAB27A,DDR1,LPGAT1,DUSP11,TP53BP2,CDKN1A,TJP1,ABCB6,MTHFD2,PRAF2,DNTTIP2,HTATSF1,NCAPD2,TMEM109,ICAM1,NUP93,PLA2G15,PIP4K2B,MYCBP2,PGRMC1,AARS,GPC1,ELAC2,PLSCR1,CTSL1,CTSD,ARHGEF2,ILK,NFIL3,ARL4C,CPNE3,C5,SCRN1,MAN2B1,NFKBIA,DCTD,MBNL1,MYCBP,PTPN1,BRP44,ECD,CIRBP,NFKBIE,PRSS23,CCNH,P4HA2,ATP6V0B,CAPN1,STXBP1,ITGB5,SLC11A2,PDIA5,RAP1GAP,NOLC1,CAT,DUSP14,HMGA2,IGFBP3,TRIB1,TP53BP1,FRS2,BECN1,KDELR2,ELAVL1,IFNAR1,MIF,DAG1,IGF2BP2,IGF2R,TIPARP,CRTAP,GMNN,CYTH1,PRCP,SMARCA4,PYGL,RPA2,ERBB3,GTF2E2,ANXA7,TXNRD1,FZD1,CRYZ,GAA,SKIV2L,BLMH,RRP1B,TSPAN3,PIK3R3,KEAP1,TFDP1,SMC3,LBR,PPIE,TERF2IP,BNIP3,BCL2,RBM6,CSK,ALDOC,UBE2L6,SYK,PCBD1,ICMT,EIF4EBP1,GNPDA1,CCND3,NUCB2,RSU1,PTPN6,DUSP4,PTPN12,PCK2,RB1,GFPT1,BLVRA,S100A13,MYBL2,STX4,TMCO1,PARP1,CCDC85B,DDB2,BAMBI,HADH,GLRX,MVP,STMN1,GALE,PTPRF,PGM1,LOXL1,MYO10,LIPA,PHGDH,ST7,IKBKB,PCM1,IER3,FAT1,RNMT,EGFR,NET1,DECR1,CDK6,NPC1,MEST,PAFAH1B3,CALU,LGALS8,LRP10,ATP1B1,OXCT1,SLC25A4,PSMB10,ASCC3,TRAM2,PYCR1,NCOA3,POLD4,FOSL1,PRKACA,LYRM1,VDAC1,SORBS3,SPAG4,E2F2,SLC5A6,RGS2,SCYL3,TBX2,DNAJA3,DCUN1D4,DYRK3,POLG2,TRAPPC3,TCFL5,CRK,RBM34,ITGB1BP1,ACLY,RAD51C,SMC1A,YME1L1,ACAA1,HSPA8,CCNB1,WFS1,UBE3B,NPDC1,ALDH7A1,NFATC3,PCNA,POLR2I,PSMB8,AKAP8L,PLEKHJ1,HAT1,G3BP1,TPD52L2,PIH1D1,PRKCQ,SHB,UTP14A,TSEN2,SUV39H1,LYPLA1,BIRC2,MAP2K5,PUF60,DHRS7,ARID5B,PAK1,CDC42,IGHMBP2,ADO,TCTN1,AKR7A2,PPP2R5E,LAMA3,CCNE2,FEZ2,IKBKAP,SGCB,ENOPH1,CNOT4,SNAP25,JMJD6,SLC35F2,ANO10,STUB1,PGAM1,BAD,PSMD10,RAB11FIP2,FPGS,RNH1,ATG3,NCK1,CFLAR,HEATR1,WDR7,AKAP8,SLC1A4,GRWD1,STAT1,FOXJ3,MTERFD1,CHIC2,USP7,NOSIP,DLD,IDE,CD40,PRPF4,MELK,DAXX,SMAD3,OXA1L,SNX7,CDCA4,TBC1D9B,CDC20,NARFL,DDX42,IKBKE,CCL2,WDTC1,PLSCR3,H2AFV,NUSAP1,FAM69A,SRC,BMP4,XPO7,FAIM,PXMP2,TIMM17B,STXBP2,MNAT1,HPRT1,RRS1,ADAT1,SCAND1,MFSD10,COPS7A,FIS1,NUDT9,CSRP1,METRN,TCTA,TLK2,KIAA1033,DNAJB6,TLR4,HMGCS1,SPRED2,MAP7,CHAC1,GNAS,TEX10,ZNF586,IKZF1,APBB2,RNF167,EPHA3,TXNDC9,VGLL4,CASP10,YTHDF1,LSM5,ZMYM2,CHMP6,CASP7,PIGB,CHEK2,ACD,SUPV3L1,GPATCH8,TGFBR2,NOTCH1,SHC1,ARPP19,RTN2,NPEPL1,SIRT3,UBQLN2,DMTF1,CLPX,TXNL4B,PRR15L,ST6GALNAC2,ADH5,GOLT1B,PPOX,CANT1,HOMER2,CLTB,PHKA1,CYCS,MAP4K4,PAN2,PPIC,EIF5,GNAI1,TM9SF3,CCDC86,SLC25A14,TBXA2R,FBXO11,HERPUD1,RPL39L,BPHL,MAPKAPK3,MBOAT7,PNKP,SLC35A3,LSR,MEF2C,KDM5A,FAM63A,RAB4A,IFRD2,BACE2,LYN,ISOC1,DUSP3,MOK,PPP1R13B,DNAJB2,CERK,LAP3,MAPKAPK5,HDGFRP3,PRKCH,RAB21,PSIP1,CREB1,MBNL2,PACSIN3,MTA1,MACF1,CCNA1,HIST1H2BK,PCCB,STAP2,PMM2,HSD17B11,FBXL12,WDR61,FAS,CENPE,CREG1,PRR7,TMEM110,ZNF589,BAX,CNDP2,TNIP1,P4HTM,REEP5,BZW2,CGRRF1,AMDHD2,PEX11A,GFOD1,PECR,SOCS2,ZDHHC6,ITGAE,TMEM5,ATP5S,NGRN,HOXA5,GRN,NUP85,GTPBP8,PTK2,EPN2,CCDC90A,KIAA0528,MRPS16,RPS5,NOL3,NR1H2,PLS1,DUSP22,RPS6KA1,DCK,TRIM2,SNCA,VPS28,LRRC16A,CHP,NR2F6,EXOSC4,PDLIM1,CRELD2,RRP12,ACAT2,THAP11,CEBPD,MAST2,DHDDS,GADD45B,KIAA0355,DYNLT3,CHMP4A,IPO13,ITFG1,SPP1,HYOU1,FOS,MCOLN1,ID2,KCNK1,AXIN1,RAI14,DNAJC15,HOXA10,CASP2,CTNND1,ZNF131,HOOK2,ERBB2,INTS3,RFNG,MICALL1,KLHL21,TLE1,FZD7,COG2,MRPS2,KCTD5,CNPY3,ADAM10,CD58,KIF5C,HMG20B,PIN1,LAGE3,TNFRSF21,KIF14,DUSP6,CYB561,HTRA1,WASF3,TSPAN6,FBXO21,PPP2R3C,ADRB2,GRB10,MMP1,ZW10,CORO1A,XPNPEP1,MAMLD1,DSG2,SLC27A3,CD97,IL13RA1,AGL,CDC25B,GATA3,RPA3,TES,SPR,RELB,EPHB2,RPIA,GPR56,NVL,CHEK1,ME2,PDGFA,WDR67,RFC2,TIMM9,ORC1,PARP2,FASTKD5,PTPLAD1,MSRA,SYNE2,UBE3C,CCDC92,CXCL2,TIMM22,ATF5,NSDHL,ADI1,ADCK3,GDPD5,TARBP1,RBKS,KDM3A,BID,MTF2,HLA.DRA,PIK3C2B,SLC25A46,CDK19,KIAA0753,KAT6B,CHN1,MAPK13,UFM1,GNA15,IARS2,GATA2,RALGDS,NRIP1,CCNB2,RNPS1,SATB1,ARID4B,GSTZ1,SESN1,SPEN,PFKL,PDHX,DENND2D,CTTN,UBR7,GRB7,CD44,VAV3,ABHD6,MAPKAPK2,CAB39,TIAM1,DNM1L,DERA,PTPRK,HERC6,MKNK1,ACOT9,ST3GAL5,CTNNAL1,ABHD4,INPP4B,ZMIZ1,PPARG,RPP38,CAST,BAG3,GNA11,TOR1A,SLC25A13,TSPAN4,NR3C1,TRIB3,PHF15,CXCR4,FKBP14,CIAPIN1,COG7,TUBB6,ABL1,CCNF,HSPA1A,FAM57A,EVL,GPER,EAPP,EXT1,POLE2,PLCB3,C2CD2,ANKRD10,DDX10,CEP57,RAB31,ABCC5,RFC5,HES1,KLHL9,UBE2J1,SLC37A4,PLK1,NPRL2,PWP1,PLEKHM1,VAT1,KIF20A,CDH3,SSBP2,SNX11,SFN,RFX5,PKIG,FSD1,ATP6V1D,CDC45,EDEM1,MYLK,USP6NL,NT5DC2,CCP110,STK10,UGDH,SQRDL,HEBP1,FGFR4,CDKN2A,ATP11B,CD320,CDKN1B,MLLT11,CEBPZ,GAPDH,CBR3,Output
0,0,0,0,1901.81,,0,0,5067.28,,518.831,738.9195,0,0,,0,2032.29,0,0,0,0,,0,59.341,0,0,0,21.522,,0,0,0,0,0,0,,0,0,0,0,0,0,0,0,0,0,0,257.711,0,0,0,977.045,0,0,0,0,0,0,0,0,0,121.95,0,0,0,3312.81,,0,0,,0,0,0,0,94.213,0,0,0,0,0,0,0,0,0,0,0,6296.13,0,0,0,0,0,,0,0,0,0,0,0,0,0,0,0,0,0,0,0,0,0,0,0,,0,0,0,2019.04,0,0,0,0,0,0,2028.3705,5771.7,0,0,1362.53,0,0,900.8510000000001,1.5519999999999998,0,0,0,0,0,,0,0,5577.73,0,0,0,0,176.0945,1720.25,0,,0,0,0,0,0,0,0,0,0,0,0,741.1389999999999,0,267.534,0,525.308,0,0,0,0,,0,0,0,0,0,356.986,0,0,0,0,302.437,,0,0,0,0,0,0,1493.3985,0,0,1725.87,0,0,1152.13,0,0,0,523.116,0,0,,0,0,465.967,0,0,0,0,0,0,0,0,0,0,0,3064.58,0,0,0,,0,0,920.653,0,0,0,,0,0,0,,2731.09,0,561.697,0,0,0,257.784,0,0,1897.01,1556.15,470.898,0,362.717,0,0,,288.254,0,0,0,1398.69,0,,0,1643.9,231.16,0,,0,0,0,0,0,0,0,0,0,0,0,0,0,0,1028.58,1563.29275,339.829,700.625,299.366333333333,0,544.9159999999999,3734.675,0,0,0,1142.1,0,289.013,0,0,3488.54,,1649.16,0,0,806.462,0,211.96400000000003,0,0,0,0,0,0,1594.18,0,0,0,0,0,0,219.94799999999998,0,0,3035.51,135.467,0,0,264.563,0,0,0,0,0,0,0,118.37100000000001,5106.02,0,0,1148.38,322.36,0,0,0,0,0,0,0,0,0,0,0,0,0,0,0,0,0,0,0,5311.92,0,0,0,0,0,0,0,0,1873.06,858.2065,0,125.76899999999999,,0,0,0,0,0,959.3989999999999,0,0,0,0,895.7439999999999,0,0,410.686,0,0,0,,454.15,0,3208.45,0,0,0,0,79.123,0,0,0,189.873,0,0,0,0,0,0,0,2677.11,,0,0,0,0,0,0,0,606.249,0,0,341.76099999999997,0,66.661,0,2613.14,0,0,0,,0,4399.98,0,0,149.564,0,0,0,0,837.3205,0,0,65.324,921.018,2504.64,0,,0,0,0,776.82,0,0,2398.84,0,833.966,0,0,0,0,4201.93,0,0,0,0,0,0,0,0,0,0,,0,0,,0,0,1022.48,324.615,0,0,0,721.207,0,0,0,0,507.67400000000004,0,0,0,0,0,0,,0,0,0,0,68.969,0,0,0,0,0,0,0,0,0,0,789.638,0,424.356,0,0,0,0,0,17905.15,1638.92,0,0,0,0,785.4739999999999,2980.5,2503.64,0,0,0,0,0,0,0,370.426,0,0,0,0,0,0,698.2895,0,0,0,393.6505,2676.0255,0,0,0,0,0,0,0,0,0,0,0,0,0,0,0,0,0,0,175.567,0,0,0,0,0,225.96,380.398,0,0,0,0,0,295.5075,0,0,0,0,0,0,0,0,0,0,1392.97,479.722666666667,0,0,0,0,0,0,0,0,226.9765,0,0,0,0,0,194.33599999999998,50.038999999999994,0,0,0,0,0,205.84099999999998,0,0,0,0,0,0,0,0,0,0,0,0,0,0,0,0,0,0,0,0,0,0,222.041,0,0,325.716,590.936,0,234.018333333333,0,0,0,0,0,1168.61,0,0,0,0,249.6305,0,0,0,0,0,0,0,0,0,0,0,0,0,0,0,0,0,0,0,0,0,0,0,1453.99,0,0,0,0,365.78,0,0,0,0,466.559,346.191,0,0,0,0,1423.46,0,336.231,0,0,,0,,1960.94,0,0,0,0,0,0,46.809,0,0,1135.48,0,0,,0,239.938,0,0,0,0,0,0,0,,0,0,0,0,0,814.3966,0,0,0,1671.79,0,316.036,0,0,0,0,0,0,27.31,0,0,0,,0,0,0,677.3889999999999,0,0,0,0,0,0,546.5755,0,0,217.6,364.413,0,0,0,0,0,1114.69,0,0,0,0,0,0,1614.81,0,0,0,0,0,0,0,0,4018.67,0,,0,0,0,0,0,0,0,973.035,0,0,0,,0,0,0,0,0,0,0,0,0,0,0,0,0,0,0,0,0,0,0,0,1237.955,2246.41,0,0,0,,0,0,0,0,0,0,0,0,0,207.158,0,1348.94,0,1408.5975,0,0,385.48199999999997,,0,0,0,0,0,,0,533.619,0,0,0,0,0,0,0,0,0,0,0,0,0,0,0,0,0,0,0,0,0,0,0,0,0,0,0,0,0,0,0,0,,0,0,0,0,0,0,,0,0,0,0,0,0,0,,,0,0,1350.3615,0,0,206.142,0,2027.1,0,0,0,0,0,0,0,0,0,0,0,0,1000.55,0,0,0,48.729,0,0,1946.36,0,0,0,0,,,0,0,0,0,0,1807.88,0,32.208,0,0,436.961,0,0,797.779,72.94800000000001,0,0,0,0,0,0,0,0,2329.413,0,,0,0,0,0,0,0,0,0,0,0,0,0,0,0,0,0,0,922.055,121.807,0,0,,0,952.8739999999999,13842.8175,0,metastatic
0,0,0,0,4981.84,,0,0,4304.87,,709.563,978.3939999999999,0,0,,0,3460.87,0,0,0,0,,0,,0,0,0,,,0,0,0,0,0,0,,0,0,0,0,0,0,0,0,0,0,0,109.01799999999999,0,0,0,1286.66,0,0,0,0,0,0,0,0,0,329.009,0,0,0,2424.37,1979.1355,0,0,,0,0,0,0,309.811,0,0,0,0,0,0,0,0,0,0,0,,0,0,0,0,0,,0,0,0,0,0,0,0,0,0,0,0,0,0,0,0,0,0,0,,0,0,0,2528.69,0,0,0,0,0,0,1626.62,1401.37,0,0,1717.05,0,0,,137.08,0,0,0,0,0,,0,0,5547.77,0,0,0,0,60.2795,706.387,0,,0,0,0,0,0,0,0,0,0,0,0,765.069,0,306.78,0,119.796,0,0,0,0,,0,0,0,0,0,384.92699999999996,0,0,0,0,524.84,,0,0,0,0,0,0,1210.6215,0,0,1879.69,0,0,2619.03,0,0,0,1910.75,0,0,118.7778,0,0,1132.83,0,0,0,0,0,0,0,0,0,0,0,2345.23,0,0,0,,0,0,1607.9,0,0,0,,0,0,0,268.608,4355.09,0,711.4119999999999,0,0,0,251.608,0,0,1914.9,2586.16,595.379,0,456.384,0,0,,433.282,0,0,0,1611.34,0,,0,1335.0,383.69300000000004,0,,0,0,0,0,0,0,0,0,0,0,0,0,0,0,349.913,,401.421,1763.34,541.513,0,801.3,1601.15,0,0,0,1426.684,0,150.685,0,0,11072.2,,1903.25,0,0,198.87599999999998,0,75.153,0,0,0,0,0,0,884.572,0,0,0,0,0,0,,0,0,3684.2,212.49,0,0,,0,0,0,0,0,0,0,28.116999999999997,2039.35,0,0,3316.29,4085.77,0,0,0,0,0,0,0,0,0,0,0,0,0,0,0,0,0,0,0,2688.19,0,0,0,0,0,0,0,0,3929.45,640.4235,0,,,0,0,0,0,0,1306.14,0,0,0,0,892.418,0,0,1059.3655,0,0,0,,371.841,0,4459.26,0,0,0,0,96.353,0,0,0,,0,0,0,0,0,0,0,2503.1,,0,0,0,0,0,0,0,415.88599999999997,0,0,,0,,0,2012.55,0,0,0,,0,4850.98,0,0,,0,0,0,0,982.3760000000001,0,0,,14.133,2508.79,0,,0,0,0,652.262,0,0,2402.11,0,795.915,0,0,0,0,2598.4,0,0,0,0,0,0,0,0,0,0,416.559,0,0,,0,0,1196.34,200.334,0,0,0,808.426,0,0,0,0,995.0160000000001,0,0,0,0,0,0,,0,0,0,0,13.235,0,0,0,0,0,0,0,0,0,0,736.049,0,1043.7,0,0,0,0,0,20789.0,723.828,0,0,0,0,1013.55,1695.6870000000001,2904.52,0,0,0,0,0,0,0,443.82099999999997,0,0,0,0,0,0,,0,0,0,761.3115,,0,0,0,0,0,0,0,0,0,0,0,0,0,0,0,0,0,0,490.93199999999996,0,0,0,0,0,71.942,718.313,0,0,0,0,0,,0,0,0,0,0,0,0,0,0,0,1006.76,,0,0,0,0,0,0,0,0,372.0475,0,0,0,0,0,148.06799999999998,159.47899999999998,0,0,0,0,0,313.55,0,0,0,0,0,0,0,0,0,0,0,0,0,0,0,0,0,0,0,0,0,0,718.967,0,0,460.866,291.39,0,520.719666666667,0,0,0,0,0,1301.94,0,0,0,0,,0,0,0,0,0,0,0,0,0,0,0,0,0,0,0,0,0,0,0,0,0,0,0,835.1089999999999,0,0,0,0,229.273,0,0,0,0,624.2745,,0,0,0,0,2034.48,0,193.295,0,0,,0,54.648,1563.04,0,0,0,0,0,0,717.285,0,0,1194.74,0,0,1112.366,0,290.902,0,0,0,0,0,0,0,,0,0,0,0,0,,0,0,0,3125.2,0,284.594,0,0,0,0,0,0,312.782,0,0,0,,0,0,0,373.329,0,0,0,0,0,0,,0,0,499.343,117.70200000000001,0,0,0,0,0,,0,0,0,0,0,0,1611.76,0,0,0,0,0,0,0,0,4992.83,0,6380.3769999999995,0,0,0,0,0,0,0,829.1205,0,0,0,,0,0,0,0,0,0,0,0,0,0,0,0,0,0,0,0,0,0,0,0,1574.47,3524.61,0,0,0,,0,0,0,0,0,0,0,0,0,178.08700000000002,0,,0,,0,0,608.069,459.333,0,0,0,0,0,,0,249.015,0,0,0,0,0,0,0,0,0,0,0,0,0,0,0,0,0,0,0,0,0,0,0,0,0,0,0,0,0,0,0,0,,0,0,0,0,0,0,,0,0,0,0,0,0,0,,180.232,0,0,1241.7930000000001,0,0,191.34,0,998.568,0,0,0,0,0,0,0,0,0,0,0,0,1629.06,0,0,0,117.32600000000001,0,0,705.47,0,0,0,0,,,0,0,0,0,0,853.365,0,164.574,0,0,655.332,0,0,,60.982,0,0,0,0,0,0,0,0,1844.513,0,,0,0,0,0,0,0,0,0,0,0,0,0,0,0,0,0,0,334.89099999999996,,0,0,,0,791.187,14687.1845,0,metastatic
0,0,0,0,3300.18,,0,0,4415.46,,845.0260000000001,608.119,0,0,,0,2340.78,0,0,0,0,,0,,0,0,0,,217.24099999999999,0,0,0,0,0,0,,0,0,0,0,0,0,0,0,0,0,0,185.71200000000002,0,0,0,1032.87,0,0,0,0,0,0,0,0,0,382.345,0,0,0,3330.45,,0,0,,0,0,0,0,58.751000000000005,0,0,0,0,0,0,0,0,0,0,0,,0,0,0,0,0,,0,0,0,0,0,0,0,0,0,0,0,0,0,0,0,0,0,0,4446.396,0,0,0,3226.78,0,0,0,0,0,0,2686.051,8715.08,0,0,928.919,0,0,,,0,0,0,0,0,,0,0,4618.15,0,0,0,0,99.7345,824.1239999999999,0,,0,0,0,0,0,0,0,0,0,0,0,854.84,0,330.89599999999996,0,505.49300000000005,0,0,0,0,,0,0,0,0,0,142.295,0,0,0,0,229.83700000000002,175.447,0,0,0,0,0,0,1095.306,0,0,3609.74,0,0,2037.57,0,0,0,431.189,0,0,,0,0,,0,0,0,0,0,0,0,0,0,0,0,48.123999999999995,0,0,0,,0,0,1899.87,0,0,0,,0,0,0,24.581,4156.56,0,1010.07,0,0,0,145.498,0,0,3215.19,2751.23,423.54699999999997,0,849.945,0,0,,593.721,0,0,0,1638.12,0,,0,2858.13,222.63400000000001,0,,0,0,0,0,0,0,0,0,0,0,0,0,0,0,,1660.23625,932.047,439.49800000000005,591.303333333333,0,537.049,3862.94,0,0,0,1404.545,0,,0,0,5374.65,,1325.09,0,0,854.4830000000001,0,150.30100000000002,0,0,0,0,0,0,224.3,0,0,0,0,0,0,179.88,0,0,3497.96,,0,0,,0,0,0,0,0,0,0,,3388.91,0,0,1068.54,,0,0,0,0,0,0,0,0,0,0,0,0,0,0,0,0,0,0,0,2555.14,0,0,0,0,0,0,0,0,4404.33,1603.305,0,137.08700000000002,,0,0,0,0,0,926.387,0,0,0,0,683.4730000000001,0,0,763.9925,0,0,0,,645.576,0,3846.16,0,0,0,0,247.062,0,0,0,,0,0,0,0,0,0,0,2936.0,,0,0,0,0,0,0,0,486.061,0,0,,0,,0,3194.48,0,0,0,,0,3850.09,0,0,,0,0,0,0,741.512,0,0,131.983,,3202.15,0,,0,0,0,1190.27,0,0,4065.01,0,870.6389999999999,0,0,0,0,5075.96,0,0,0,0,0,0,0,0,0,0,,0,0,,0,0,1303.04,300.675,0,0,0,294.918,0,0,0,0,890.2360000000001,0,0,0,0,0,0,,0,0,0,0,91.67,0,0,0,0,0,0,0,0,0,0,860.655,0,407.56800000000004,0,0,0,0,0,20997.9,1896.67,0,0,0,0,1631.48,3295.46,3593.0,0,0,0,0,0,0,0,403.444,0,0,0,0,0,0,622.641,0,0,0,,,0,0,0,0,0,0,0,0,0,0,0,0,0,0,0,0,0,0,520.431,0,0,0,0,0,159.313,1540.6125,0,0,0,0,0,,0,0,0,0,0,0,0,0,0,0,1814.9,,0,0,0,0,0,0,0,0,,0,0,0,0,0,56.997,75.682,0,0,0,0,0,217.457,0,0,0,0,0,0,0,0,0,0,0,0,0,0,0,0,0,0,0,0,0,0,,0,0,102.37799999999999,540.507,0,344.86033333333296,0,0,0,0,0,1577.36,0,0,0,0,235.3065,0,0,0,0,0,0,0,0,0,0,0,0,0,0,0,0,0,0,0,0,0,0,0,1013.5,0,0,0,0,383.01599999999996,0,0,0,0,298.421,119.7995,0,0,0,0,3089.12,0,297.14,0,0,,0,,1230.94,0,0,0,0,0,0,179.15099999999998,0,0,685.7280000000001,0,0,2542.215,0,351.42,0,0,0,0,0,0,0,,0,0,0,0,0,542.9248,0,0,0,2374.28,0,469.914,0,0,0,0,0,0,451.101,0,0,0,,0,0,0,384.902,0,0,0,0,0,0,,0,0,,443.42,0,0,0,0,0,191.747,0,0,0,0,0,0,832.056,0,0,0,0,0,0,0,0,970.954,0,,0,0,0,0,0,0,0,,0,0,0,,0,0,0,0,0,0,0,0,0,0,0,0,0,0,0,0,0,0,0,0,320.4905,2098.44,0,0,0,60.506,0,0,0,0,0,0,0,0,0,145.506,0,915.541,0,1220.559,0,0,379.476,,0,0,0,0,0,,0,523.9630000000001,0,0,0,0,0,0,0,0,0,0,0,0,0,0,0,0,0,0,0,0,0,0,0,0,0,0,0,0,0,0,0,0,,0,0,0,0,0,0,,0,0,0,0,0,0,0,716.716,158.220333333333,0,0,,0,0,177.62900000000002,0,2549.33,0,0,0,0,0,0,0,0,0,0,0,0,1313.71,0,0,0,,0,0,4019.55,0,0,0,0,,,0,0,0,0,0,1864.57,0,,0,0,903.638,0,0,,89.93299999999999,0,0,0,0,0,0,0,0,2202.222,0,,0,0,0,0,0,0,0,0,0,0,0,0,0,0,0,0,0,446.62699999999995,38.385999999999996,0,0,,0,884.4780000000001,15740.123166666699,0,metastatic
0,0,0,0,5702.58,,0,0,4825.06,,1744.79,665.971,0,0,,0,1920.48,0,0,0,0,,0,,0,0,0,59.445,,0,0,0,0,0,0,,0,0,0,0,0,0,0,0,0,0,0,465.04900000000004,0,0,0,1743.61,0,0,0,0,0,0,0,0,0,572.132,0,0,0,2950.28,,0,0,,0,0,0,0,96.18799999999999,0,0,0,0,0,0,0,0,0,0,0,,0,0,0,0,0,,0,0,0,0,0,0,0,0,0,0,0,0,0,0,0,0,0,0,,0,0,0,2524.49,0,0,0,0,0,0,2011.375,1084.39,0,0,2301.22,0,0,1629.91,109.52,0,0,0,0,0,,0,0,5502.81,0,0,0,0,154.19799999999998,684.2239999999999,0,,0,0,0,0,0,0,0,0,0,0,0,682.328,0,433.467,0,341.901,0,0,0,0,,0,0,0,0,0,252.92700000000002,0,0,0,0,477.599,,0,0,0,0,0,0,2342.933,0,0,2937.43,0,0,2048.05,0,0,0,1028.38,0,0,,0,0,232.342,0,0,0,0,0,0,0,0,0,0,0,15968.1,0,0,0,,0,0,2388.08,0,0,0,,0,0,0,291.707,5093.11,0,2699.29,0,0,0,62.61600000000001,0,0,1781.54,3601.92,387.88800000000003,0,1359.23,0,0,,5.164,0,0,0,1473.19,0,,0,1212.13,359.459,0,,0,0,0,0,0,0,0,0,0,0,0,0,0,0,259.606,2000.4445,794.1469999999999,693.803,342.975333333333,0,606.0930000000001,2116.555,0,0,0,1440.455,0,,0,0,7014.7,,1217.88,0,0,709.334,0,73.358,0,0,0,0,0,0,898.4789999999999,0,0,0,0,0,0,598.457,0,0,2668.19,344.05800000000005,0,0,474.681,0,0,0,0,0,0,0,67.37,3917.76,0,0,4088.04,786.568,0,0,0,0,0,0,0,0,0,0,0,0,0,0,0,0,0,0,0,5206.49,0,0,0,0,0,0,0,0,5277.22,1137.5275,0,89.462,,0,0,0,0,0,1173.42,0,0,0,0,1268.36,0,0,860.685,0,0,0,,1470.32,0,2877.27,0,0,0,0,124.47,0,0,0,,0,0,0,0,0,0,0,2698.96,,0,0,0,0,0,0,0,273.772,0,0,281.613,0,,0,1808.5,0,0,0,,0,4826.98,0,0,,0,0,0,0,2118.275,0,0,262.888,225.593,2486.98,0,,0,0,0,284.88,0,0,2492.73,0,413.63800000000003,0,0,0,0,4683.54,0,0,0,0,0,0,0,0,0,0,,0,0,,0,0,655.613,361.185,0,0,0,835.3539999999999,0,0,0,0,584.54,0,0,0,0,0,0,,0,0,0,0,85.845,0,0,0,0,0,0,0,0,0,0,1145.05,0,910.587,0,0,0,0,0,16724.45,789.302,0,0,0,0,835.2669999999999,1728.004,2651.42,0,0,0,0,0,0,0,322.22700000000003,0,0,0,0,0,0,696.8330000000001,0,0,0,,,0,0,0,0,0,0,0,0,0,0,0,0,0,0,0,0,0,0,710.7660000000001,0,0,0,0,0,142.90200000000002,1893.2185,0,0,0,0,0,,0,0,0,0,0,0,0,0,0,0,1216.32,,0,0,0,0,0,0,0,0,871.279,0,0,0,0,0,,,0,0,0,0,0,306.028,0,0,0,0,0,0,0,0,0,0,0,0,0,0,0,0,0,0,0,0,0,0,231.52599999999998,0,0,115.085,574.68,0,210.975666666667,0,0,0,0,0,1217.08,0,0,0,0,312.9865,0,0,0,0,0,0,0,0,0,0,0,0,0,0,0,0,0,0,0,0,0,0,0,818.1260000000001,0,0,0,0,417.899,0,0,0,0,,352.61300000000006,0,0,0,0,1127.37,0,165.896,0,0,,0,0.212,1682.2,0,0,0,0,0,0,101.647,0,0,1065.41,0,0,1391.8570000000002,0,138.571,0,0,0,0,0,0,0,,0,0,0,0,0,575.6666,0,0,0,3275.18,0,367.606,0,0,0,0,0,0,206.739,0,0,0,0.8690000000000001,0,0,0,454.099,0,0,0,0,0,0,,0,0,201.146,396.773,0,0,0,0,0,121.868,0,0,0,0,0,0,2352.79,0,0,0,0,0,0,0,0,16083.8,0,,0,0,0,0,0,0,0,821.297,0,0,0,,0,0,0,0,0,0,0,0,0,0,0,0,0,0,0,0,0,0,0,0,4554.515,5370.35,0,0,0,62.043,0,0,0,0,0,0,0,0,0,196.61700000000002,0,,0,641.089,0,0,331.27,,0,0,0,0,0,,0,505.727,0,0,0,0,0,0,0,0,0,0,0,0,0,0,0,0,0,0,0,0,0,0,0,0,0,0,0,0,0,0,0,0,,0,0,0,0,0,0,17.537,0,0,0,0,0,0,0,,278.882333333333,0,0,,0,0,321.402,0,2300.01,0,0,0,0,0,0,0,0,0,0,0,0,1642.47,0,0,0,252.428,0,0,1053.01,0,0,0,0,,,0,0,0,0,0,918.071,0,51.074,0,0,1123.52,0,0,432.9595,0.662,0,0,0,0,0,0,0,0,1371.3005,0,,0,0,0,0,0,0,0,0,0,0,0,0,0,0,0,0,0,843.2139999999999,219.393,0,0,,0,684.4939999999999,,0,metastatic
0,0,0,0,3207.45,,0,0,3289.92,,665.304,543.293,0,0,27.476,0,1372.42,0,0,0,0,,0,,0,0,0,,252.27700000000002,0,0,0,0,0,0,,0,0,0,0,0,0,0,0,0,0,0,46.365,0,0,0,2203.55,0,0,0,0,0,0,0,0,0,354.38199999999995,0,0,0,3926.19,,0,0,,0,0,0,0,50.28,0,0,0,0,0,0,0,0,0,0,0,,0,0,0,0,0,,0,0,0,0,0,0,0,0,0,0,0,0,0,0,0,0,0,0,,0,0,0,1675.51,0,0,0,0,0,0,1787.1805,6203.72,0,0,1462.31,0,0,1642.77,91.32799999999999,0,0,0,0,0,,0,0,4461.0,0,0,0,0,,1263.7,0,,0,0,0,0,0,0,0,0,0,0,0,813.743,0,447.856,0,244.69799999999998,0,0,0,0,,0,0,0,0,0,328.027,0,0,0,0,8.84,12.681,0,0,0,0,0,0,1039.272,0,0,1111.87,0,0,1886.71,0,0,0,147.342,0,0,,0,0,,0,0,0,0,0,0,0,0,0,0,0,,0,0,0,,0,0,831.721,0,0,0,,0,0,0,,2387.94,0,12.876,0,0,0,257.545,0,0,2321.29,2441.32,501.533,0,830.2130000000001,0,0,,82.954,0,0,0,2025.42,0,,0,548.036,,0,,0,0,0,0,0,0,0,0,0,0,0,0,0,0,,,372.07300000000004,1014.14,,0,564.244,3298.7,0,0,0,1472.2505,0,867.33,0,0,10210.9,,1286.45,0,0,610.727,0,115.749,0,0,0,0,0,0,2962.76,0,0,0,0,0,0,,0,0,1820.64,151.16,0,0,,0,0,0,0,0,0,0,26.189,1159.81,0,0,1292.45,,0,0,0,0,0,0,0,0,0,0,0,0,0,0,0,0,0,0,0,5053.71,0,0,0,0,0,0,0,0,1935.59,803.1355,0,4.038,,0,0,0,0,0,1588.34,0,0,0,0,1068.77,0,0,461.6045,0,0,0,18.658,592.0980000000001,0,2572.14,0,0,0,0,218.445,0,0,0,,0,0,0,0,0,0,0,3428.48,,0,0,0,0,0,0,0,365.968,0,0,,0,,0,2819.85,0,0,0,,0,2932.37,0,0,318.1285,0,0,0,0,842.8565,0,0,,1353.94,1305.85,0,,0,0,0,657.2410000000001,0,0,3500.65,0,2010.91,0,0,0,0,8770.15,0,0,0,0,0,0,0,0,0,0,36.605,0,0,,0,0,1267.46,280.564,0,0,0,464.796,0,0,0,0,853.3510000000001,0,0,0,0,0,0,,0,0,0,0,,0,0,0,0,0,0,0,0,0,0,263.032,0,828.76,0,0,0,0,0,21285.25,1299.52,0,0,0,0,369.616,3480.79,2156.47,0,0,0,0,0,0,0,565.771,0,0,0,0,0,0,,0,0,0,,1364.0205,0,0,0,0,0,0,0,0,0,0,0,0,0,0,0,0,0,0,365.10699999999997,0,0,0,0,0,253.303,,0,0,0,0,0,,0,0,0,0,0,0,0,0,0,0,953.176,,0,0,0,0,0,0,0,0,717.462,0,0,0,0,0,371.30699999999996,165.49599999999998,0,0,0,0,0,449.82599999999996,0,0,0,0,0,0,0,0,0,0,0,0,0,0,0,0,0,0,0,0,0,0,303.783,0,0,103.46799999999999,498.537,0,612.543,0,0,0,0,0,1352.57,0,0,0,0,684.23,0,0,0,0,0,0,0,0,0,0,0,0,0,0,0,0,0,0,0,0,0,0,0,715.2510000000001,0,0,0,0,327.16700000000003,0,0,0,0,,,0,0,0,0,879.944,0,300.763,0,0,,0,21.072,1473.05,0,0,0,0,0,0,540.09,0,0,351.80699999999996,0,0,644.4915,0,402.69199999999995,0,0,0,0,0,0,0,,0,0,0,0,0,4342.496,0,0,0,713.633,0,231.2675,0,0,0,0,0,0,319.632,0,0,0,,0,0,0,298.6,0,0,0,0,0,0,,0,0,223.372,487.44300000000004,0,0,0,0,0,,0,0,0,0,0,0,1549.22,0,0,0,0,0,0,0,0,6369.74,0,,0,0,0,0,0,0,0,,0,0,0,514.3585,0,0,0,0,0,0,0,0,0,0,0,0,0,0,0,0,0,0,0,0,951.8445,364.699,0,0,0,170.929,0,0,0,0,0,0,0,0,0,531.859,0,734.0,0,2457.705,0,0,669.194,300.3505,0,0,0,0,0,,0,314.17400000000004,0,0,0,0,0,0,0,0,0,0,0,0,0,0,0,0,0,0,0,0,0,0,0,0,0,0,0,0,0,0,0,0,679.069333333333,0,0,0,0,0,0,,0,0,0,0,0,0,0,,,0,0,1238.141,0,0,165.437,0,800.193,0,0,0,0,0,0,0,0,0,0,0,0,838.117,0,0,0,866.363,0,0,506.559,0,0,0,0,,,0,0,0,0,0,1083.6,0,,0,0,733.211,0,0,,348.25800000000004,0,0,0,0,0,0,0,0,1124.306,0,,0,0,0,0,0,0,0,0,0,0,0,0,0,0,0,0,0,952.2860000000001,,0,0,,0,564.688,17208.5046666667,0,metastatic
0,0,0,0,2571.94,,0,0,3795.14,,937.9069999999999,619.326,0,0,,0,2036.26,0,0,0,0,,0,,0,0,0,,,0,0,0,0,0,0,,0,0,0,0,0,0,0,0,0,0,0,,0,0,0,2161.43,0,0,0,0,0,0,0,0,0,515.071,0,0,0,3618.93,,0,0,,0,0,0,0,251.783,0,0,0,0,0,0,0,0,0,0,0,,0,0,0,0,0,,0,0,0,0,0,0,0,0,0,0,0,0,0,0,0,0,0,0,,0,0,0,1707.33,0,0,0,0,0,0,964.426,,0,0,1293.28,0,0,1077.83,250.715,0,0,0,0,0,1584.51,0,0,5161.88,0,0,0,0,125.34299999999999,609.534,0,,0,0,0,0,0,0,0,0,0,0,0,701.143,0,386.148,0,98.62799999999999,0,0,0,0,,0,0,0,0,0,198.864,0,0,0,0,287.741,,0,0,0,0,0,0,1417.8435,0,0,1950.31,0,0,1541.52,0,0,0,1071.9,0,0,1076.2932,0,0,610.279,0,0,0,0,0,0,0,0,0,0,0,7113.27,0,0,0,,0,0,1095.24,0,0,0,,0,0,0,7.905,4715.58,0,1575.61,0,0,0,358.022,0,0,1556.26,2248.02,955.312,0,448.124,0,0,,250.578,0,0,0,2357.53,0,,0,321.731,423.042,0,,0,0,0,0,0,0,0,0,0,0,0,0,0,0,,1497.05575,644.705,1361.65,735.130666666667,0,334.529,946.0745,0,0,0,1707.271,0,,0,0,7643.24,,882.185,0,0,867.46,0,88.479,0,0,0,0,0,0,368.47900000000004,0,0,0,0,0,0,,0,0,2146.78,225.708,0,0,,0,0,0,0,0,0,0,22.618000000000002,3910.09,0,0,1867.38,1172.7,0,0,0,0,0,0,0,0,0,0,0,0,0,0,0,0,0,0,0,14982.1,0,0,0,0,0,0,0,0,4072.75,980.3480000000001,0,548.591,,0,0,0,0,0,1008.06,0,0,0,0,2017.25,0,0,805.34,0,0,0,8.969,,0,3014.77,0,0,0,0,,0,0,0,,0,0,0,0,0,0,0,2168.72,,0,0,0,0,0,0,0,125.147,0,0,,0,106.14399999999999,0,1022.88,0,0,0,,0,4753.0,0,0,208.1035,0,0,0,0,1110.7815,0,0,309.42900000000003,,1699.02,0,,0,0,0,377.249,0,0,1269.23,0,341.44199999999995,0,0,0,0,3484.49,0,0,0,0,0,0,0,0,0,0,1551.28,0,0,427.98199999999997,0,0,1044.64,131.422,0,0,0,706.284,0,0,0,0,895.553,0,0,0,0,0,0,,0,0,0,0,,0,0,0,0,0,0,0,0,0,0,895.8839999999999,0,798.503,0,0,0,0,0,16247.4,460.334,0,0,0,0,333.47,891.928,1975.48,0,0,0,0,0,0,0,528.232,0,0,0,0,0,0,,0,0,0,,4254.1525,0,0,0,0,0,0,0,0,0,0,0,0,0,0,0,0,0,0,609.929,0,0,0,0,0,270.767,2013.6635,0,0,0,0,0,,0,0,0,0,0,0,0,0,0,0,740.885,,0,0,0,0,0,0,0,0,722.8105,0,0,0,0,0,157.735,267.879,0,0,0,0,0,,0,0,0,0,0,0,0,0,0,0,0,0,0,0,0,0,0,0,0,0,0,0,88.51299999999999,0,0,1021.1,277.55,0,533.142333333333,0,0,0,0,0,1822.44,0,0,0,0,484.1275,0,0,0,0,0,0,0,0,0,0,0,0,0,0,0,0,0,0,0,0,0,0,0,558.376,0,0,0,0,241.91299999999998,0,0,0,0,,,0,0,0,0,1100.9,0,266.928,0,0,166.847,0,,2603.09,0,0,0,0,0,0,,0,0,543.387,0,0,,0,174.674,0,0,0,0,0,0,0,,0,0,0,0,0,,0,0,0,2287.14,0,234.3765,0,0,0,0,0,0,,0,0,0,,0,0,0,493.51099999999997,0,0,0,0,0,0,,0,0,458.01,204.489,0,0,0,0,0,,0,0,0,0,0,0,1673.24,0,0,0,0,0,0,0,0,2928.53,0,7179.14333333333,0,0,0,0,0,0,0,899.7715,0,0,0,806.4845,0,0,0,0,0,0,0,0,0,0,0,0,0,0,0,0,0,0,0,0,2496.365,1832.8,0,0,0,,0,0,0,0,0,0,0,0,0,344.35,0,1041.13,0,409.5645,0,0,528.1709999999999,,0,0,0,0,0,,0,207.732,0,0,0,0,0,0,0,0,0,0,0,0,0,0,0,0,0,0,0,0,0,0,0,0,0,0,0,0,0,0,0,0,639.543,0,0,0,0,0,0,,0,0,0,0,0,0,0,,,0,0,1118.6925,0,0,171.483,0,683.488,0,0,0,0,0,0,0,0,0,0,0,0,1993.87,0,0,0,36.6575,0,0,546.388,0,0,0,0,,,0,0,0,0,0,805.2719999999999,0,38.372,0,0,690.3660000000001,0,0,814.1555,,0,0,0,0,0,0,0,0,1554.3145,0,,0,0,0,0,0,0,0,0,0,0,0,0,0,0,0,0,0,1276.47,181.505,0,0,,0,400.409,,0,metastatic
0,0,0,0,2200.84,,0,0,5843.01,,485.07300000000004,420.233,0,0,,0,2514.39,0,0,0,0,,0,423.592,0,0,0,129.907,,0,0,0,0,0,0,,0,0,0,0,0,0,0,0,0,0,0,681.893,0,0,0,1087.09,0,0,0,0,0,0,0,0,0,60.806000000000004,0,0,0,3700.93,,0,0,,0,0,0,0,181.157,0,0,0,0,0,0,0,0,0,0,0,,0,0,0,0,0,,0,0,0,0,0,0,0,0,0,0,0,0,0,0,0,0,0,0,,0,0,0,1947.23,0,0,0,0,0,0,940.221,8405.55,0,0,2299.66,0,0,941.971,,0,0,0,0,0,1352.11,0,0,4365.75,0,0,0,0,88.04,326.22,0,,0,0,0,0,0,0,0,0,0,0,0,242.892,0,292.26599999999996,0,66.335,0,0,0,0,,0,0,0,0,0,326.528,0,0,0,0,330.99300000000005,603.366,0,0,0,0,0,0,1178.3235,0,0,1374.6,0,0,1331.41,0,0,0,741.079,0,0,,0,0,1945.24,0,0,0,0,0,0,0,0,0,0,0,1078.63,0,0,0,,0,0,760.549,0,0,0,,0,0,0,,3642.13,0,977.6560000000001,0,0,0,70.913,0,0,1937.61,1830.97,451.457,0,484.286,0,0,,323.046,0,0,0,1880.63,0,,0,2039.25,85.946,0,,0,0,0,0,0,0,0,0,0,0,0,0,0,0,353.599,1356.78925,1030.2,1207.89,,0,702.8989999999999,2902.835,0,0,0,1272.8205,0,,0,0,4715.21,,1053.82,0,0,1591.51,0,189.785,0,0,0,0,0,0,1196.22,0,0,0,0,0,0,,0,0,1343.86,463.35900000000004,0,0,5.2139999999999995,0,0,0,0,0,0,0,217.014,969.923,0,0,1802.38,3049.47,0,0,0,0,0,0,0,0,0,0,0,0,0,0,0,0,0,0,0,6051.99,0,0,0,0,0,0,0,0,4504.83,699.425,0,73.107,,0,0,0,0,0,1088.76,0,0,0,0,931.6060000000001,0,0,1632.385,0,0,0,,3.542,0,1893.15,0,0,0,0,257.121,0,0,0,,0,0,0,0,0,0,0,2962.32,,0,0,0,0,0,0,0,283.253,0,0,364.978,0,,0,865.4060000000001,0,0,0,,0,4268.44,0,0,535.8455,0,0,0,0,1116.894,0,0,135.942,169.293,1364.0,0,,0,0,0,683.46,0,0,1619.69,0,1225.73,0,0,0,0,2816.64,0,0,0,0,0,0,0,0,0,0,116.04899999999999,0,0,77.866,0,0,705.3689999999999,122.714,0,0,0,127.986,0,0,0,0,1359.51,0,0,0,0,0,0,,0,0,0,0,168.178,0,0,0,0,0,0,0,0,0,0,1134.85,0,759.573,0,0,0,0,0,16018.9,1561.19,0,0,0,0,383.346,1593.27,4981.19,0,0,0,0,0,0,0,101.414,0,0,0,0,0,0,649.06475,0,0,0,,,0,0,0,0,0,0,0,0,0,0,0,0,0,0,0,0,0,0,518.919,0,0,0,0,0,186.75900000000001,533.193,0,0,0,0,0,,0,0,0,0,0,0,0,0,0,0,1107.69,,0,0,0,0,0,0,0,0,,0,0,0,0,0,545.906,,0,0,0,0,0,76.857,0,0,0,0,0,0,0,0,0,0,0,0,0,0,0,0,0,0,0,0,0,0,253.09900000000002,0,0,,416.91900000000004,0,,0,0,0,0,0,1088.29,0,0,0,0,,0,0,0,0,0,0,0,0,0,0,0,0,0,0,0,0,0,0,0,0,0,0,0,840.6560000000001,0,0,0,0,629.94,0,0,0,0,130.2855,,0,0,0,0,943.793,0,274.466,0,0,,0,,1731.97,0,0,0,0,0,0,,0,0,172.707,0,0,,0,306.25,0,0,0,0,0,0,0,,0,0,0,0,0,1059.1764,0,0,0,1039.81,0,199.9095,0,0,0,0,0,0,756.378,0,0,0,229.139,0,0,0,158.54,0,0,0,0,0,0,,0,0,,156.346,0,0,0,0,0,529.871,0,0,0,0,0,0,1284.13,0,0,0,0,0,0,0,0,7032.87,0,,0,0,0,0,0,0,0,,0,0,0,,0,0,0,0,0,0,0,0,0,0,0,0,0,0,0,0,0,0,0,0,3712.735,1637.13,0,0,0,51.573,0,0,0,0,0,0,0,0,0,190.99900000000002,0,357.19300000000004,0,930.1385,0,0,724.135,777.738,0,0,0,0,0,,0,939.6310000000001,0,0,0,0,0,0,0,0,0,0,0,0,0,0,0,0,0,0,0,0,0,0,0,0,0,0,0,0,0,0,0,0,,0,0,0,0,0,0,600.179,0,0,0,0,0,0,0,,253.491666666667,0,0,1710.1785,0,0,93.553,0,566.086,0,0,0,0,0,0,0,0,0,0,0,0,2031.47,0,0,0,,0,0,1161.04,0,0,0,0,,,0,0,0,0,0,1152.57,0,,0,0,1677.88,0,0,,,0,0,0,0,0,0,0,0,1749.026,0,,0,0,0,0,0,0,0,0,0,0,0,0,0,0,0,0,0,1156.73,,0,0,,0,625.786,,0,metastatic
0,0,0,0,3964.23,,0,0,,,726.4730000000001,480.5725,0,0,,0,2237.81,0,0,0,0,,0,,0,0,0,27.4,,0,0,0,0,0,0,,0,0,0,0,0,0,0,0,0,0,0,488.959,0,0,0,1952.82,0,0,0,0,0,0,0,0,0,121.285,0,0,0,4447.98,,0,0,,0,0,0,0,92.43299999999999,0,0,0,0,0,0,0,0,0,0,0,453.472,0,0,0,0,0,,0,0,0,0,0,0,0,0,0,0,0,0,0,0,0,0,0,0,,0,0,0,1830.05,0,0,0,0,0,0,815.6619999999999,486.792,0,0,1338.46,0,0,3140.05,14.975,0,0,0,0,0,919.592,0,0,6425.03,0,0,0,0,345.592,401.046,0,,0,0,0,0,0,0,0,0,0,0,0,650.985,0,346.074,0,64.514,0,0,0,0,,0,0,0,0,0,145.842,0,0,0,0,898.35,460.293,0,0,0,0,0,0,2026.78,0,0,2890.19,0,0,1097.15,0,0,0,264.039,0,0,,0,0,263.671,0,0,0,0,0,0,0,0,0,0,0,5062.0,0,0,0,,0,0,,0,0,0,,0,0,0,720.435,5648.79,0,392.20599999999996,0,0,0,158.613,0,0,1942.22,2052.82,456.273,0,887.0260000000001,0,0,,331.949,0,0,0,1659.44,0,,0,1244.31,196.979,0,,0,0,0,0,0,0,0,0,0,0,0,0,0,0,460.881,2605.9765,189.826,954.1,442.350666666667,0,443.033,1286.463,0,0,0,2415.575,0,44.93899999999999,0,0,6348.13,,773.433,0,0,215.921,0,111.539,0,0,0,0,0,0,696.825,0,0,0,0,0,0,528.621,0,0,1471.01,,0,0,149.428,0,0,0,0,0,0,0,41.842,4269.21,0,0,5965.41,,0,0,0,0,0,0,0,0,0,0,0,0,0,0,0,0,0,0,0,4271.24,0,0,0,0,0,0,0,0,1401.89,395.7925,0,63.285,,0,0,0,0,0,575.3330000000001,0,0,0,0,269.633,0,0,344.1245,0,0,0,,141.192,0,2780.39,0,0,0,0,187.85,0,0,0,,0,0,0,0,0,0,0,2486.25,,0,0,0,0,0,0,0,482.353,0,0,128.53,0,,0,1415.21,0,0,0,,0,5960.05,0,0,491.0535,0,0,0,0,1324.535,0,0,,1162.82,1498.58,0,,0,0,0,286.47900000000004,0,0,1805.91,0,712.285,0,0,0,0,3812.94,0,0,0,0,0,0,0,0,0,0,1052.5,0,0,226.96400000000003,0,0,692.3610000000001,305.606,0,0,0,417.306,0,0,0,0,936.173,0,0,0,0,0,0,,0,0,0,0,232.928,0,0,0,0,0,0,0,0,0,0,1710.49,0,186.97799999999998,0,0,0,0,0,13585.95,81.435,0,0,0,0,1069.65,1777.54,5276.45,0,0,0,0,0,0,0,,0,0,0,0,0,0,200.01575,0,0,0,,,0,0,0,0,0,0,0,0,0,0,0,0,0,0,0,0,0,0,721.2460000000001,0,0,0,0,0,177.44,520.6030000000001,0,0,0,0,0,,0,0,0,0,0,0,0,0,0,0,1283.75,,0,0,0,0,0,0,0,0,411.8095,0,0,0,0,0,803.2460000000001,261.28,0,0,0,0,0,280.842,0,0,0,0,0,0,0,0,0,0,0,0,0,0,0,0,0,0,0,0,0,0,,0,0,182.092,396.61300000000006,0,332.79,0,0,0,0,0,1428.47,0,0,0,0,,0,0,0,0,0,0,0,0,0,0,0,0,0,0,0,0,0,0,0,0,0,0,0,1281.8,0,0,0,0,446.186,0,0,0,0,,,0,0,0,0,1233.71,0,501.064,0,0,133.7825,0,,2524.82,0,0,0,0,0,0,,0,0,378.55,0,0,1342.36,0,,0,0,0,0,0,0,0,,0,0,0,0,0,,0,0,0,2292.88,0,271.746,0,0,0,0,0,0,359.914,0,0,0,,0,0,0,206.333,0,0,0,0,0,0,,0,0,681.293,252.519,0,0,0,0,0,425.25699999999995,0,0,0,0,0,0,1009.43,0,0,0,0,0,0,0,0,4848.27,0,,0,0,0,0,0,0,0,1071.1065,0,0,0,,0,0,0,0,0,0,0,0,0,0,0,0,0,0,0,0,0,0,0,0,3709.115,2445.85,0,0,0,,0,0,0,0,0,0,0,0,0,299.142,0,,0,784.704,0,0,442.385,555.802,0,0,0,0,0,,0,709.5189999999999,0,0,0,0,0,0,0,0,0,0,0,0,0,0,0,0,0,0,0,0,0,0,0,0,0,0,0,0,0,0,0,0,,0,0,0,0,0,0,,0,0,0,0,0,0,0,682.0,,0,0,1533.62,0,0,51.753,0,1199.54,0,0,0,0,0,0,0,0,0,0,0,0,3518.68,0,0,0,,0,0,425.25,0,0,0,0,,,0,0,0,0,0,865.393,0,,0,0,861.066,0,0,212.0665,15.446,0,0,0,0,0,0,0,0,2098.905,0,,0,0,0,0,0,0,0,0,0,0,0,0,0,0,0,0,0,535.8530000000001,,0,0,,0,511.173,,0,metastatic
0,0,0,0,2238.93,,0,0,5304.33,,587.19,331.4525,0,0,,0,681.1039999999999,0,0,0,0,,0,337.477,0,0,0,149.877,,0,0,0,0,0,0,,0,0,0,0,0,0,0,0,0,0,0,1028.17,0,0,0,2745.45,0,0,0,0,0,0,0,0,0,331.925,0,0,0,2893.91,,0,0,,0,0,0,0,,0,0,0,0,0,0,0,0,0,0,0,1345.4920000000002,0,0,0,0,0,,0,0,0,0,0,0,0,0,0,0,0,0,0,0,0,0,0,0,,0,0,0,1074.33,0,0,0,0,0,0,616.4285,3376.29,0,0,1622.87,0,0,1691.98,34.510999999999996,0,0,0,0,0,1706.62,0,0,6051.69,0,0,0,0,113.6575,496.255,0,,0,0,0,0,0,0,0,0,0,0,0,634.126,0,416.51199999999994,0,186.81900000000002,0,0,0,0,,0,0,0,0,0,199.87400000000002,0,0,0,0,440.126,,0,0,0,0,0,0,2231.01,0,0,1655.53,0,0,1477.47,0,0,0,3348.39,0,0,823.2248,0,0,1007.37,0,0,0,0,0,0,0,0,0,0,0,1614.12,0,0,0,,0,0,580.877,0,0,0,,0,0,0,5.406000000000001,4950.26,0,747.4119999999999,0,0,0,428.63300000000004,0,0,2139.99,1988.78,671.449,0,619.33,0,0,,372.54,0,0,0,2092.7,0,,0,2044.7,411.713,0,,0,0,0,0,0,0,0,0,0,0,0,0,0,0,531.1080000000001,1466.28675,804.186,1036.54,525.107666666667,0,518.2090000000001,1506.195,0,0,0,1249.8615,0,755.6110000000001,0,0,5336.79,,873.68,0,0,1176.89,0,27.269000000000002,0,0,0,0,0,0,764.7869999999999,0,0,0,0,0,0,,0,0,1446.46,395.75699999999995,0,0,82.465,0,0,0,0,0,0,0,99.51100000000001,2608.07,0,0,1351.2,829.5310000000001,0,0,0,0,0,0,0,0,0,0,0,0,0,0,0,0,0,0,0,7643.0,0,0,0,0,0,0,0,0,1564.99,1889.045,0,303.557,,0,0,0,0,0,943.221,0,0,0,0,1908.41,0,0,663.0485,0,0,0,,,0,2803.46,0,0,0,0,57.619,0,0,0,,0,0,0,0,0,0,0,2552.2,,0,0,0,0,0,0,0,559.555,0,0,567.279,0,,0,791.535,0,0,0,787.512857142857,0,4473.27,0,0,703.6460000000001,0,0,0,0,918.4675,0,0,,557.625,1127.95,0,,0,0,0,372.68300000000005,0,0,2698.33,0,642.619,0,0,0,0,3051.15,0,0,0,0,0,0,0,0,0,0,628.525,0,0,,0,0,1816.45,255.91,0,0,0,571.087,0,0,0,0,999.797,0,0,0,0,0,0,,0,0,0,0,,0,0,0,0,0,0,0,0,0,0,648.924,0,806.1669999999999,0,0,0,0,0,11535.95,582.482,0,0,0,0,530.359,1275.776,4823.6,0,0,0,0,0,0,0,737.93,0,0,0,0,0,0,662.65375,0,0,0,,,0,0,0,0,0,0,0,0,0,0,0,0,0,0,0,0,0,0,660.872,0,0,0,0,0,177.493,51.467,0,0,0,0,0,,0,0,0,0,0,0,0,0,0,0,761.3510000000001,354.09133333333295,0,0,0,0,0,0,0,0,731.0115,0,0,0,0,0,249.55,1392.66,0,0,0,0,0,450.874,0,0,0,0,0,0,0,0,0,0,0,0,0,0,0,0,0,0,0,0,0,0,374.355,0,0,452.417,343.481,0,447.727,0,0,0,0,0,1349.17,0,0,0,0,,0,0,0,0,0,0,0,0,0,0,0,0,0,0,0,0,0,0,0,0,0,0,0,791.039,0,0,0,0,461.349,0,0,0,0,972.627,,0,0,0,0,963.296,0,623.68,0,0,,0,115.315,1550.5,0,0,0,0,0,0,,0,0,215.422,0,0,948.8065,0,116.583,0,0,0,0,0,0,0,,0,0,0,0,0,,0,0,0,4106.56,0,331.5605,0,0,0,0,0,0,359.041,0,0,0,,0,0,0,139.494,0,0,0,0,0,0,1315.645,0,0,909.6560000000001,297.154,0,0,0,0,0,883.305,0,0,0,0,0,0,1127.89,0,0,0,0,0,0,0,0,2681.78,0,,0,0,0,0,0,0,0,1011.3065,0,0,0,,0,0,0,0,0,0,0,0,0,0,0,0,0,0,0,0,0,0,0,0,4543.78,1351.46,0,0,0,,0,0,0,0,0,0,0,0,0,301.422,0,674.0980000000001,0,865.5955,0,0,638.78,482.097,0,0,0,0,0,,0,458.18699999999995,0,0,0,0,0,0,0,0,0,0,0,0,0,0,0,0,0,0,0,0,0,0,0,0,0,0,0,0,0,0,0,0,,0,0,0,0,0,0,258.347,0,0,0,0,0,0,0,,229.12233333333302,0,0,1127.7839999999999,0,0,76.821,0,1864.74,0,0,0,0,0,0,0,0,0,0,0,0,2074.74,0,0,0,,0,0,925.654,0,0,0,0,,,0,0,0,0,0,1302.81,0,57.683,0,0,434.619,0,0,,,0,0,0,0,0,0,0,0,1876.075,0,,0,0,0,0,0,0,0,0,0,0,0,0,0,0,0,0,0,94.369,,0,0,,0,692.471,,0,metastatic
0,0,0,0,2056.43,,0,0,6162.47,,761.76,619.5845,0,0,,0,1851.68,0,0,0,0,,0,,0,0,0,,,0,0,0,0,0,0,,0,0,0,0,0,0,0,0,0,0,0,259.397,0,0,0,2524.56,0,0,0,0,0,0,0,0,0,13.0,0,0,0,3672.35,,0,0,,0,0,0,0,,0,0,0,0,0,0,0,0,0,0,0,,0,0,0,0,0,,0,0,0,0,0,0,0,0,0,0,0,0,0,0,0,0,0,0,,0,0,0,1679.98,0,0,0,0,0,0,1105.37,5728.97,0,0,2342.73,0,0,2023.54,,0,0,0,0,0,1673.61,0,0,7060.73,0,0,0,0,233.3205,1216.28,0,,0,0,0,0,0,0,0,0,0,0,0,1045.27,0,362.504,0,166.013,0,0,0,0,,0,0,0,0,0,,0,0,0,0,464.30699999999996,,0,0,0,0,0,0,1398.293,0,0,726.2139999999999,0,0,1835.57,0,0,0,170.734,0,0,,0,0,256.068,0,0,0,0,0,0,0,0,0,0,0,3094.37,0,0,0,285.733,0,0,599.756,0,0,0,,0,0,0,,2280.41,0,1766.7,0,0,0,446.48,0,0,2257.65,2034.99,288.57599999999996,0,708.135,0,0,,653.539,0,0,0,2233.59,0,,0,1156.82,492.397,0,,0,0,0,0,0,0,0,0,0,0,0,0,0,0,1199.46,1245.21875,1030.42,624.263,754.831666666667,0,577.937,2045.42,0,0,0,2480.285,0,,0,0,3769.38,,776.3439999999999,0,0,179.583,0,136.952,0,0,0,0,0,0,1554.67,0,0,0,0,0,0,866.757,0,0,1194.64,,0,0,363.00800000000004,0,0,0,0,0,0,0,247.91,1159.37,0,0,520.758,2385.61,0,0,0,0,0,0,0,0,0,0,0,0,0,0,0,0,0,0,0,3805.28,0,0,0,0,0,0,0,0,1485.41,752.4325,0,85.613,,0,0,0,0,0,2018.32,0,0,0,0,373.046,0,0,,0,0,0,,1461.69,0,2744.49,0,0,0,0,171.45,0,0,0,,0,0,0,0,0,0,0,3468.91,485.8945,0,0,0,0,0,0,0,581.026,0,0,,0,,0,1561.86,0,0,0,,0,4576.0,0,0,,0,0,0,0,1650.78,0,0,,8274.14,1335.04,0,,0,0,0,1744.84,0,0,1433.69,0,920.4810000000001,0,0,0,0,6123.27,0,0,0,0,0,0,0,0,0,0,66.328,0,0,119.11399999999999,0,0,2047.25,457.714,0,0,0,544.595,0,0,0,0,1387.0,0,0,0,0,0,0,,0,0,0,0,,0,0,0,0,0,0,0,0,0,0,999.867,0,416.335,0,0,0,0,0,13543.0,807.548,0,0,0,0,1357.94,1709.7195,3402.85,0,0,0,0,0,0,0,897.568,0,0,0,0,0,0,1096.363,0,0,0,295.8915,,0,0,0,0,0,0,0,0,0,0,0,0,0,0,0,0,0,0,475.309,0,0,0,0,0,194.454,375.86800000000005,0,0,0,0,0,,0,0,0,0,0,0,0,0,0,0,2186.44,531.7586666666671,0,0,0,0,0,0,0,0,825.3789999999999,0,0,0,0,0,496.63699999999994,44.333999999999996,0,0,0,0,0,,0,0,0,0,0,0,0,0,0,0,0,0,0,0,0,0,0,0,0,0,0,0,190.877,0,0,24.171,284.901,0,,0,0,0,0,0,2001.97,0,0,0,0,,0,0,0,0,0,0,0,0,0,0,0,0,0,0,0,0,0,0,0,0,0,0,0,835.674,0,0,0,0,952.217,0,0,0,0,,,0,0,0,0,833.225,0,91.215,0,0,1894.93,0,,2352.23,0,0,0,0,0,0,,0,0,291.032,0,0,1048.2105,0,452.735,0,0,0,0,0,0,0,,0,0,0,0,0,1579.1104,0,0,0,1024.17,0,317.8695,0,0,0,0,0,0,80.021,0,0,0,586.758,0,0,0,267.889,0,0,0,0,0,0,,0,0,603.389,181.97400000000002,0,0,0,0,0,811.154,0,0,0,0,0,0,1277.43,0,0,0,0,0,0,0,0,13921.5,0,,0,0,0,0,0,0,0,1721.126,0,0,0,,0,0,0,0,0,0,0,0,0,0,0,0,0,0,0,0,0,0,0,0,1053.3435,,0,0,0,155.332,0,0,0,0,0,0,0,0,0,295.772,0,530.8430000000001,0,935.7180000000001,0,0,71.65,625.7075,0,0,0,0,0,769.745,0,219.81400000000002,0,0,0,0,0,0,0,0,0,0,0,0,0,0,0,0,0,0,0,0,0,0,0,0,0,0,0,0,0,0,0,0,,0,0,0,0,0,0,49.19,0,0,0,0,0,0,0,,281.997666666667,0,0,1290.4075,0,0,,0,1348.08,0,0,0,0,0,0,0,0,0,0,0,0,2367.5,0,0,0,,0,0,9060.68,0,0,0,0,,947.6285,0,0,0,0,0,594.258,0,405.505,0,0,600.682,0,0,,,0,0,0,0,0,0,0,0,2247.1035,0,,0,0,0,0,0,0,0,0,0,0,0,0,0,0,0,0,0,229.355,357.2,0,0,274.932,0,611.013,,0,metastatic
0,0,0,0,4375.5,,0,0,2876.12,,734.5369999999999,901.0285,0,0,,0,2671.43,0,0,0,0,,0,,0,0,0,,,0,0,0,0,0,0,,0,0,0,0,0,0,0,0,0,0,0,425.00800000000004,0,0,0,1975.49,0,0,0,0,0,0,0,0,0,110.323,0,0,0,3881.99,,0,0,,0,0,0,0,246.69,0,0,0,0,0,0,0,0,0,0,0,,0,0,0,0,0,,0,0,0,0,0,0,0,0,0,0,0,0,0,0,0,0,0,0,,0,0,0,1615.31,0,0,0,0,0,0,1322.985,1555.43,0,0,1441.01,0,0,411.32599999999996,432.45099999999996,0,0,0,0,0,,0,0,5489.63,0,0,0,0,141.0675,849.793,0,,0,0,0,0,0,0,0,0,0,0,0,989.441,0,356.915,0,262.70599999999996,0,0,0,0,,0,0,0,0,0,134.589,0,0,0,0,664.0260000000001,40.101,0,0,0,0,0,0,1858.155,0,0,1546.38,0,0,1737.31,0,0,0,1263.6,0,0,92.4096,0,0,187.291,0,0,0,0,0,0,0,0,0,0,0,1550.85,0,0,0,,0,0,1934.8,0,0,0,,0,0,0,,2942.97,0,269.524,0,0,0,262.02299999999997,0,0,1213.36,2019.31,201.209,0,487.7,0,0,,359.958,0,0,0,2204.32,0,,0,1054.12,406.94199999999995,0,,0,0,0,0,0,0,0,0,0,0,0,0,0,0,854.507,1453.942,375.434,625.0790000000001,489.62433333333297,0,396.399,2011.465,0,0,0,1766.965,0,,0,0,9755.26,,1464.9,0,0,1039.0,0,21.003,0,0,0,0,0,0,837.9789999999999,0,0,0,0,0,0,39.965,0,0,3261.91,,0,0,91.476,0,0,0,0,0,0,0,78.51,1771.34,0,0,1269.91,1625.19,0,0,0,0,0,0,0,0,0,0,0,0,0,0,0,0,0,0,0,3446.72,0,0,0,0,0,0,0,0,2945.27,348.9095,0,,,0,0,0,0,0,1220.14,0,0,0,0,796.6460000000001,0,0,871.6555,0,0,0,,211.11900000000003,0,3395.55,0,0,0,0,87.089,0,0,0,,0,0,0,0,0,0,0,2700.13,,0,0,0,0,0,0,0,429.244,0,0,435.32,0,,0,1437.93,0,0,0,,0,5795.07,0,0,243.22099999999998,0,0,0,0,920.2189999999999,0,0,,932.3610000000001,1838.38,0,,0,0,0,841.6310000000001,0,0,1754.37,0,1016.51,0,0,0,0,2849.17,0,0,0,0,0,0,0,0,0,0,,0,0,,0,0,1686.09,240.763,0,0,0,602.891,0,0,0,0,1121.0,0,0,0,0,0,0,,0,0,0,0,,0,0,0,0,0,0,0,0,0,0,1299.78,0,984.3839999999999,0,0,0,0,0,14305.1,437.39599999999996,0,0,0,0,714.4960000000001,1720.3725,2171.61,0,0,0,0,0,0,0,518.589,0,0,0,0,0,0,,0,0,0,,,0,0,0,0,0,0,0,0,0,0,0,0,0,0,0,0,0,0,509.94,0,0,0,0,0,246.99200000000002,661.548,0,0,0,0,0,,0,0,0,0,0,0,0,0,0,0,1521.67,,0,0,0,0,0,0,0,0,381.22900000000004,0,0,0,0,0,48.643,105.945,0,0,0,0,0,116.994,0,0,0,0,0,0,0,0,0,0,0,0,0,0,0,0,0,0,0,0,0,0,458.795,0,0,535.604,293.505,0,579.397333333333,0,0,0,0,0,1725.05,0,0,0,0,,0,0,0,0,0,0,0,0,0,0,0,0,0,0,0,0,0,0,0,0,0,0,0,921.908,0,0,0,0,695.165,0,0,0,0,1013.701,137.50799999999998,0,0,0,0,2220.14,0,366.974,0,0,,0,136.55200000000002,2734.18,0,0,0,0,0,0,54.473,0,0,822.747,0,0,1415.229,0,454.876,0,0,0,0,0,0,0,,0,0,0,0,0,,0,0,0,2238.91,0,194.8705,0,0,0,0,0,0,138.791,0,0,0,,0,0,0,437.325,0,0,0,0,0,0,983.8345,0,0,1802.59,271.868,0,0,0,0,0,,0,0,0,0,0,0,591.155,0,0,0,0,0,0,0,0,5370.25,0,,0,0,0,0,0,0,0,1498.296,0,0,0,,0,0,0,0,0,0,0,0,0,0,0,0,0,0,0,0,0,0,0,0,2727.975,4312.1,0,0,0,,0,0,0,0,0,0,0,0,0,255.326,0,,0,305.1775,0,0,580.939,974.3395,0,0,0,0,0,,0,274.182,0,0,0,0,0,0,0,0,0,0,0,0,0,0,0,0,0,0,0,0,0,0,0,0,0,0,0,0,0,0,0,0,,0,0,0,0,0,0,29.226999999999997,0,0,0,0,0,0,0,,124.85,0,0,1191.928,0,0,149.53,0,2453.22,0,0,0,0,0,0,0,0,0,0,0,0,2860.44,0,0,0,,0,0,404.499,0,0,0,0,,,0,0,0,0,0,839.329,0,50.073,0,0,593.198,0,0,,,0,0,0,0,0,0,0,0,2930.335,0,,0,0,0,0,0,0,0,0,0,0,0,0,0,0,0,0,0,959.932,507.81800000000004,0,0,,0,640.444,,0,non-metastatic
0,0,0,0,2168.4,101.969,0,0,4994.89,,984.4810000000001,530.805,0,0,,0,2087.92,0,0,0,0,,0,,0,0,0,59.961999999999996,,0,0,0,0,0,0,,0,0,0,0,0,0,0,0,0,0,0,389.523,0,0,0,1627.97,0,0,0,0,0,0,0,0,0,614.523,0,0,0,3366.97,,0,0,,0,0,0,0,321.267,0,0,0,0,0,0,0,0,0,0,0,2785.815,0,0,0,0,0,,0,0,0,0,0,0,0,0,0,0,0,0,0,0,0,0,0,0,,0,0,0,1768.47,0,0,0,0,0,0,1097.1535,4808.95,0,0,1518.05,0,0,1736.21,44.18899999999999,0,0,0,0,0,1088.42,0,0,5355.54,0,0,0,0,130.541,1083.25,0,,0,0,0,0,0,0,0,0,0,0,0,539.405,0,92.662,0,549.929,0,0,0,0,130.175,0,0,0,0,0,335.25300000000004,0,0,0,0,2650.46,155.17700000000002,0,0,0,0,0,0,1062.388,0,0,1325.71,0,0,2652.88,0,0,0,609.262,0,0,,0,0,952.2760000000001,0,0,0,0,0,0,0,0,0,0,0,7105.51,0,0,0,,0,0,548.2919999999999,0,0,0,,0,0,0,355.36199999999997,3263.27,0,725.14,0,0,0,446.17800000000005,0,0,2198.29,1734.75,835.672,0,552.065,0,0,,1068.44,0,0,0,2428.21,0,,0,2199.6,150.743,0,,0,0,0,0,0,0,0,0,0,0,0,0,0,0,415.705,1567.0020000000002,531.38,650.081,,0,990.007,3475.425,0,0,0,1884.595,0,238.942,0,0,4134.1,,547.491,0,0,577.126,0,320.247,0,0,0,0,0,0,1567.8,0,0,0,0,0,0,,0,0,2400.08,257.214,0,0,2071.09,0,0,0,0,0,0,0,,2136.13,0,0,1937.42,,0,0,0,0,0,0,0,0,0,0,0,0,0,0,0,0,0,0,0,3964.55,0,0,0,0,0,0,0,0,1960.3,1441.005,0,258.288,,0,0,0,0,0,650.198,0,0,0,0,595.0790000000001,0,0,582.633,0,0,0,46.644,,0,2576.42,0,0,0,0,,0,0,0,,0,0,0,0,0,0,0,2773.72,242.16975,0,0,0,0,0,0,0,488.075,0,0,1041.86,0,250.449,0,2034.41,0,0,0,,0,3305.17,0,0,,0,0,0,0,857.8095,0,0,402.356,1007.68,1468.84,0,,0,0,0,880.5930000000001,0,0,3601.84,0,1276.55,0,0,0,0,3769.23,0,0,0,0,0,0,0,0,0,0,735.658,0,0,,0,0,614.7330000000001,403.85900000000004,0,0,0,158.997,0,0,0,0,1081.87,0,0,0,0,0,0,,0,0,0,0,88.90700000000001,0,0,0,0,0,0,0,0,0,0,915.1569999999999,0,209.735,0,0,0,0,0,21547.85,1396.23,0,0,0,0,611.257,1793.165,2444.37,0,0,0,0,0,0,0,154.67700000000002,0,0,0,0,0,0,,0,0,0,147.012,,0,0,0,0,0,0,0,0,0,0,0,0,0,0,0,0,0,0,449.319,0,0,0,0,0,283.883,548.6095,0,0,0,0,0,853.69425,0,0,0,0,0,0,0,0,0,0,756.436,449.54333333333295,0,0,0,0,0,0,0,0,665.6765,0,0,0,0,0,552.63,620.202,0,0,0,0,0,236.40200000000002,0,0,0,0,0,0,0,0,0,0,0,0,0,0,0,0,0,0,0,0,0,0,246.699,0,0,704.4739999999999,335.755,0,475.452666666667,0,0,0,0,0,1242.61,0,0,0,0,,0,0,0,0,0,0,0,0,0,0,0,0,0,0,0,0,0,0,0,0,0,0,0,956.26,0,0,0,0,291.307,0,0,0,0,,827.6025,0,0,0,0,1110.42,0,1053.56,0,0,235.9405,0,297.11,1896.6,0,0,0,0,0,0,93.29799999999999,0,0,760.018,0,0,2186.52,0,105.221,0,0,0,0,0,0,0,,0,0,0,0,0,1181.2839999999999,0,0,0,1126.46,0,244.451,0,0,0,0,0,0,674.321,0,0,0,,0,0,0,713.7539999999999,0,0,0,0,0,0,,0,0,,390.241,0,0,0,0,0,1132.89,0,0,0,0,0,0,824.699,0,0,0,0,0,0,0,0,7675.36,0,,0,0,0,0,0,0,0,873.068,0,0,0,,0,0,0,0,0,0,0,0,0,0,0,0,0,0,0,0,0,0,0,0,394.55199999999996,203.763,0,0,0,,0,0,0,0,0,0,0,0,0,942.954,0,2010.88,0,821.3095,0,0,581.32,237.231,0,0,0,0,0,,0,521.9209999999999,0,0,0,0,0,0,0,0,0,0,0,0,0,0,0,0,0,0,0,0,0,0,0,0,0,0,0,0,0,0,0,0,408.080333333333,0,0,0,0,0,0,371.96,0,0,0,0,0,0,0,715.689,118.37200000000001,0,0,1024.454,0,0,184.30900000000003,0,1720.46,0,0,0,0,0,0,0,0,0,0,0,0,2360.03,0,0,0,,0,0,3646.56,0,0,0,0,,,0,0,0,0,0,1392.54,0,246.44400000000002,0,0,897.709,0,0,367.301,142.067,0,0,0,0,0,0,0,0,1937.181,0,399.083,0,0,0,0,0,0,0,0,0,0,0,0,0,0,0,0,0,858.887,,0,0,,0,458.598,15973.9361666667,0,non-metastatic
0,0,0,0,3180.79,,0,0,6658.7,,912.307,519.126,0,0,,0,3158.67,0,0,0,0,,0,173.15,0,0,0,101.14399999999999,,0,0,0,0,0,0,,0,0,0,0,0,0,0,0,0,0,0,441.80300000000005,0,0,0,742.0360000000001,0,0,0,0,0,0,0,0,0,574.835,0,0,0,2647.77,296.5675,0,0,,0,0,0,0,,0,0,0,0,0,0,0,0,0,0,0,408.7825,0,0,0,0,0,,0,0,0,0,0,0,0,0,0,0,0,0,0,0,0,0,0,0,,0,0,0,2603.5,0,0,0,0,0,0,1822.7545,2030.73,0,0,3211.04,0,0,277.345,37.441,0,0,0,0,0,296.834,0,0,3645.56,0,0,0,0,45.758,501.13300000000004,0,,0,0,0,0,0,0,0,0,0,0,0,710.018,0,708.257,0,444.584,0,0,0,0,59.51,0,0,0,0,0,124.802,0,0,0,0,407.73,,0,0,0,0,0,0,2003.277,0,0,2298.8,0,0,2911.54,0,0,0,6679.93,0,0,,0,0,1168.74,0,0,0,0,0,0,0,0,0,0,0,1855.96,0,0,0,,0,0,1777.27,0,0,0,,0,0,0,134.513,6768.93,0,1692.09,0,0,0,29.576999999999998,0,0,2929.07,3229.77,543.045,0,941.686,0,0,,98.36399999999999,0,0,0,1060.34,0,,0,1318.6,236.451,0,,0,0,0,0,0,0,0,0,0,0,0,0,0,0,,1903.7965,1213.14,1175.78,231.39566666666698,0,842.967,2169.615,0,0,0,1267.43,0,606.212,0,0,5081.33,,923.7330000000001,0,0,764.209,0,,0,0,0,0,0,0,1103.48,0,0,0,0,0,0,145.523,0,0,3392.42,,0,0,372.8,0,0,0,0,0,0,0,,1492.14,0,0,1792.68,,0,0,0,0,0,0,0,0,0,0,0,0,0,0,0,0,0,0,0,1345.19,0,0,0,0,0,0,0,0,6261.81,2184.48,0,170.426,,0,0,0,0,0,1056.54,0,0,0,0,879.91,0,0,1098.9195,0,0,0,,163.38,0,4539.71,0,0,0,0,221.02,0,0,0,,0,0,0,0,0,0,0,2249.66,,0,0,0,0,0,0,0,359.56300000000005,0,0,244.035,0,,0,1442.49,0,0,0,,0,3712.46,0,0,522.221,0,0,0,0,894.0075,0,0,139.84799999999998,203.731,2301.62,0,,0,0,0,439.444,0,0,3400.45,0,498.898,0,0,0,0,2305.02,0,0,0,0,0,0,0,0,0,0,190.03900000000002,0,0,,0,0,1043.34,503.139,0,0,0,1048.1,0,0,0,0,562.464,0,0,0,0,0,0,,0,0,0,0,,0,0,0,0,0,0,0,0,0,0,714.195,0,426.86,0,0,0,0,0,19869.3,1094.27,0,0,0,0,1042.57,1369.526,3508.85,0,0,0,0,0,0,0,303.57,0,0,0,0,0,0,611.6455,0,0,0,354.0935,,0,0,0,0,0,0,0,0,0,0,0,0,0,0,0,0,0,0,322.27099999999996,0,0,0,0,0,213.99200000000002,783.7560000000001,0,0,0,0,0,,0,0,0,0,0,0,0,0,0,0,756.602,205.422666666667,0,0,0,0,0,0,0,0,733.502,0,0,0,0,0,103.881,118.63,0,0,0,0,0,339.98699999999997,0,0,0,0,0,0,0,0,0,0,0,0,0,0,0,0,0,0,0,0,0,0,21.49,0,0,1011.67,771.7739999999999,0,359.01800000000003,0,0,0,0,0,1254.98,0,0,0,0,,0,0,0,0,0,0,0,0,0,0,0,0,0,0,0,0,0,0,0,0,0,0,0,862.735,0,0,0,0,227.36,0,0,0,0,751.807,436.4335,0,0,0,0,1625.16,0,396.29,0,0,,0,,1090.87,0,0,0,0,0,0,265.337,0,0,1275.28,0,0,2077.999,0,106.904,0,0,0,0,0,0,0,,0,0,0,0,0,,0,0,0,10328.1,0,472.709,0,0,0,0,0,0,167.229,0,0,0,,0,0,0,462.296,0,0,0,0,0,0,,0,0,1307.28,254.60299999999998,0,0,0,0,0,3.193,0,0,0,0,0,0,1568.13,0,0,0,0,0,0,0,0,5847.73,0,10096.99,0,0,0,0,0,0,0,,0,0,0,,0,0,0,0,0,0,0,0,0,0,0,0,0,0,0,0,0,0,0,0,3486.265,3119.22,0,0,0,167.06799999999998,0,0,0,0,0,0,0,0,0,247.332,0,509.726,0,779.9,0,0,325.414,640.5805,0,0,0,0,0,,0,441.539,0,0,0,0,0,0,0,0,0,0,0,0,0,0,0,0,0,0,0,0,0,0,0,0,0,0,0,0,0,0,0,0,,0,0,0,0,0,0,72.18,0,0,0,0,0,0,0,995.023,112.49,0,0,1086.391,0,0,405.615,0,12556.0,0,0,0,0,0,0,0,0,0,0,0,0,1537.87,0,0,0,333.973,0,0,2112.52,0,0,0,0,,,0,0,0,0,0,1044.16,0,,0,0,855.747,0,0,,36.363,0,0,0,0,0,0,0,0,1170.5910000000001,0,,0,0,0,0,0,0,0,0,0,0,0,0,0,0,0,0,0,661.502,,0,0,,0,810.2819999999999,10482.0783333333,0,non-metastatic
0,0,0,0,3982.93,,0,0,3094.45,,2013.39,862.4775,0,0,,0,1716.73,0,0,0,0,,0,,0,0,0,16.223,,0,0,0,0,0,0,,0,0,0,0,0,0,0,0,0,0,0,72.473,0,0,0,964.929,0,0,0,0,0,0,0,0,0,355.42199999999997,0,0,0,3668.63,131.10299999999998,0,0,,0,0,0,0,320.255,0,0,0,0,0,0,0,0,0,0,0,,0,0,0,0,0,,0,0,0,0,0,0,0,0,0,0,0,0,0,0,0,0,0,0,,0,0,0,3092.43,0,0,0,0,0,0,1820.03,111.70299999999999,0,0,1573.54,0,0,,12.780999999999999,0,0,0,0,0,,0,0,5075.19,0,0,0,0,218.7565,787.143,0,,0,0,0,0,0,0,0,0,0,0,0,560.3480000000001,0,524.119,0,213.683,0,0,0,0,,0,0,0,0,0,326.14,0,0,0,0,737.725,,0,0,0,0,0,0,2422.4555,0,0,3970.77,0,0,1071.1,0,0,0,570.674,0,0,,0,0,739.7139999999999,0,0,0,0,0,0,0,0,0,0,0,2366.63,0,0,0,,0,0,771.988,0,0,0,,0,0,0,633.7040000000001,4136.21,0,1514.64,0,0,0,190.78799999999998,0,0,1727.45,3411.74,131.983,0,1163.79,0,0,,,0,0,0,1329.42,0,,0,894.425,360.527,0,,0,0,0,0,0,0,0,0,0,0,0,0,0,0,527.786,1919.015,536.565,139.506,,0,751.74,2237.645,0,0,0,2008.565,0,491.624,0,0,11092.9,,1826.28,0,0,221.467,0,135.921,0,0,0,0,0,0,620.924,0,0,0,0,0,0,778.445,0,0,4451.15,155.666,0,0,526.819,0,0,0,0,0,0,0,146.56799999999998,2519.95,0,0,2645.93,,0,0,0,0,0,0,0,0,0,0,0,0,0,0,0,0,0,0,0,1166.09,0,0,0,0,0,0,0,0,2577.16,1030.8205,0,150.14700000000002,,0,0,0,0,0,2116.8,0,0,0,0,701.317,0,0,1333.6635,0,0,0,0.9790000000000001,1628.27,0,4427.84,0,0,0,0,142.226,0,0,0,,0,0,0,0,0,0,0,2835.29,,0,0,0,0,0,0,0,498.586,0,0,143.893,0,,0,3041.89,0,0,0,,0,4788.87,0,0,,0,0,0,0,1141.1215,0,0,,,2706.69,0,,0,0,0,384.1,0,0,1582.59,0,418.996,0,0,0,0,5410.92,0,0,0,0,0,0,0,0,0,0,,0,0,,0,0,792.7260000000001,299.387,0,0,0,1189.39,0,0,0,0,813.9689999999999,0,0,0,0,0,0,,0,0,0,0,30.538,0,0,0,0,0,0,0,0,0,0,631.286,0,782.3489999999999,0,0,0,0,0,21336.15,610.8,0,0,0,0,1083.57,1693.915,2156.16,0,0,0,0,0,0,0,593.9209999999999,0,0,0,0,0,0,742.25475,0,0,0,,,0,0,0,0,0,0,0,0,0,0,0,0,0,0,0,0,0,0,465.22900000000004,0,0,0,0,0,84.101,886.702,0,0,0,0,0,,0,0,0,0,0,0,0,0,0,0,1316.49,,0,0,0,0,0,0,0,0,523.933,0,0,0,0,0,,,0,0,0,0,0,208.488,0,0,0,0,0,0,0,0,0,0,0,0,0,0,0,0,0,0,0,0,0,0,,0,0,,582.0,0,448.053333333333,0,0,0,0,0,1491.56,0,0,0,0,1729.51,0,0,0,0,0,0,0,0,0,0,0,0,0,0,0,0,0,0,0,0,0,0,0,778.572,0,0,0,0,553.914,0,0,0,0,,278.7585,0,0,0,0,2262.4,0,59.968,0,0,,0,,1271.98,0,0,0,0,0,0,250.303,0,0,1855.69,0,0,827.558,0,283.18,0,0,0,0,0,0,0,,0,0,0,0,0,,0,0,0,4647.54,0,433.6015,0,0,0,0,0,0,7.4270000000000005,0,0,0,,0,0,0,346.944,0,0,0,0,0,0,,0,0,881.203,536.159,0,0,0,0,0,,0,0,0,0,0,0,1005.84,0,0,0,0,0,0,0,0,5163.81,0,,0,0,0,0,0,0,0,,0,0,0,,0,0,0,0,0,0,0,0,0,0,0,0,0,0,0,0,0,0,0,0,2077.835,5796.07,0,0,0,55.361999999999995,0,0,0,0,0,0,0,0,0,276.579,0,,0,590.1225,0,0,354.293,691.9545,0,0,0,0,0,,0,287.172,0,0,0,0,0,0,0,0,0,0,0,0,0,0,0,0,0,0,0,0,0,0,0,0,0,0,0,0,0,0,0,0,,0,0,0,0,0,0,,0,0,0,0,0,0,0,,,0,0,,0,0,246.454,0,1189.85,0,0,0,0,0,0,0,0,0,0,0,0,2491.65,0,0,0,,0,0,389.07800000000003,0,0,0,0,,,0,0,0,0,0,751.115,0,20.382,0,0,1021.56,0,0,,,0,0,0,0,0,0,0,0,2352.7155,0,,0,0,0,0,0,0,0,0,0,0,0,0,0,0,0,0,0,726.321,,0,0,,0,627.649,,0,non-metastatic
0,0,0,0,,202.55700000000002,0,0,416.986,,,,0,0,2896.87,0,,0,0,0,0,,0,2284.41,0,0,0,,,0,0,0,0,0,0,,0,0,0,0,0,0,0,0,0,0,0,,0,0,0,897.993,0,0,0,0,0,0,0,0,0,586.1419999999999,0,0,0,5557.75,1704.26,0,0,,0,0,0,0,1119.55,0,0,0,0,0,0,0,0,0,0,0,,0,0,0,0,0,1486.19,0,0,0,0,0,0,0,0,0,0,0,0,0,0,0,0,0,0,,0,0,0,760.0060000000001,0,0,0,0,0,0,,,0,0,6958.99,0,0,1725.38,480.32099999999997,0,0,0,0,0,,0,0,5913.99,0,0,0,0,3531.68,4495.05,0,,0,0,0,0,0,0,0,0,0,0,0,2843.21,0,815.092,0,,0,0,0,0,2409.51,0,0,0,0,0,757.171,0,0,0,0,2867.84,,0,0,0,0,0,0,5797.99,0,0,,0,0,904.23,0,0,0,,0,0,,0,0,,0,0,0,0,0,0,0,0,0,0,0,632.7180000000001,0,0,0,,0,0,325.57099999999997,0,0,0,,0,0,0,345.585,,0,1518.39,0,0,0,9761.96,0,0,,626.8919999999999,,0,1058.33,0,0,,6259.87,0,0,0,1820.66,0,,0,,3705.94,0,,0,0,0,0,0,0,0,0,0,0,0,0,0,0,,,,898.4639999999999,,0,270.66900000000004,1175.3215,0,0,0,,0,,0,0,,,998.666,0,0,7362.72,0,,0,0,0,0,0,0,1526.73,0,0,0,0,0,0,,0,0,,,0,0,2180.43,0,0,0,0,0,0,0,6002.87,888.5989999999999,0,0,856.762,551.639,0,0,0,0,0,0,0,0,0,0,0,0,0,0,0,0,0,0,0,6614.43,0,0,0,0,0,0,0,0,,1899.64,0,597.214,,0,0,0,0,0,,0,0,0,0,,0,0,,0,0,0,,186.87599999999998,0,1756.03,0,0,0,0,421.464,0,0,0,431.39300000000003,0,0,0,0,0,0,0,3206.37,,0,0,0,0,0,0,0,8459.97,0,0,3308.59,0,,0,62.073,0,0,0,,0,2817.17,0,0,1477.785,0,0,0,0,,0,0,2272.15,,488.506,0,,0,0,0,,0,0,,0,1844.08,0,0,0,0,,0,0,0,0,0,0,0,0,0,0,,0,0,,0,0,290.286,,0,0,0,,0,0,0,0,74.266,0,0,0,0,0,0,,0,0,0,0,,0,0,0,0,0,0,0,0,0,0,4100.02,0,,0,0,0,0,0,,,0,0,0,0,2760.33,,3736.89,0,0,0,0,0,0,0,,0,0,0,0,0,0,,0,0,0,822.54,,0,0,0,0,0,0,0,0,0,0,0,0,0,0,0,0,0,0,3484.44,0,0,0,0,0,529.95,,0,0,0,0,0,473.12199999999996,0,0,0,0,0,0,0,0,0,0,,,0,0,0,0,0,0,0,0,,0,0,0,0,0,554.6990000000001,,0,0,0,0,0,,0,0,0,0,0,0,0,0,0,0,0,0,0,0,0,0,0,0,0,0,0,0,2321.87,0,0,576.371,14451.4,0,,0,0,0,0,0,5509.04,0,0,0,0,,0,0,0,0,0,0,0,0,0,0,0,0,0,0,0,0,0,0,0,0,0,0,0,5039.07,0,0,0,0,1682.48,0,0,0,0,,2652.8309999999997,0,0,0,0,,0,,0,0,,0,,1170.01,0,0,0,0,0,0,,0,0,,0,0,1179.211,0,,0,0,0,0,0,0,0,,0,0,0,0,0,,0,0,0,3220.71,0,1746.74,0,0,0,0,0,0,,0,0,0,,0,0,0,2384.14,0,0,0,0,0,0,1345.0855,0,0,1424.48,20.086,0,0,0,0,0,464.506,0,0,0,0,0,0,3217.07,0,0,0,0,0,0,0,0,2303.33,0,,0,0,0,0,0,0,0,600.852,0,0,0,,0,0,0,0,0,0,0,0,0,0,0,0,0,0,0,0,0,0,0,0,1246.6015,2344.08,0,0,0,2063.4,0,0,0,0,0,0,0,0,0,4859.71,0,195.778,0,2601.7110000000002,0,0,1729.67,,0,0,0,0,0,113.921,0,531.485,0,0,0,0,0,0,0,0,0,0,0,0,0,0,0,0,0,0,0,0,0,0,0,0,0,0,0,0,0,0,0,0,1693.6129999999998,0,0,0,0,0,0,,0,0,0,0,0,0,0,,,0,0,,0,0,681.9730000000001,0,215.57299999999998,0,0,0,0,0,0,0,0,0,0,0,0,2121.76,0,0,0,302.97900000000004,0,0,2223.79,0,0,0,0,,,0,0,0,0,0,3752.46,0,10065.7,0,0,88.637,0,0,502.033,,0,0,0,0,0,0,0,0,3149.38,0,,0,0,0,0,0,0,0,0,0,0,0,0,0,0,0,0,0,1421.41,,0,0,,0,1091.81,,0,non-metastatic
0,0,0,0,3213.67,,0,0,2397.37,,498.885,429.2725,0,0,,0,1776.42,0,0,0,0,,0,,0,0,0,23.021,,0,0,0,0,0,0,,0,0,0,0,0,0,0,0,0,0,0,617.4,0,0,0,1178.99,0,0,0,0,0,0,0,0,0,118.439,0,0,0,3488.43,,0,0,,0,0,0,0,695.393,0,0,0,0,0,0,0,0,0,0,0,,0,0,0,0,0,,0,0,0,0,0,0,0,0,0,0,0,0,0,0,0,0,0,0,,0,0,0,1462.63,0,0,0,0,0,0,780.0169999999999,939.242,0,0,1717.9,0,0,899.299,,0,0,0,0,0,,0,0,5303.86,0,0,0,0,399.892,720.826,0,,0,0,0,0,0,0,0,0,0,0,0,388.028,0,287.4,0,,0,0,0,0,,0,0,0,0,0,309.121,0,0,0,0,758.414,576.946,0,0,0,0,0,0,1452.6375,0,0,2230.81,0,0,924.059,0,0,0,333.871,0,0,,0,0,424.8,0,0,0,0,0,0,0,0,0,0,0,1038.33,0,0,0,,0,0,914.612,0,0,0,,0,0,0,118.86399999999999,4029.91,0,807.925,0,0,0,478.233,0,0,1324.77,1903.22,286.293,0,924.25,0,0,,402.431,0,0,0,1447.26,0,,0,1095.63,332.95300000000003,0,,0,0,0,0,0,0,0,0,0,0,0,0,0,0,474.087,2347.79475,74.926,962.428,465.523666666667,0,699.186,1216.9565,0,0,0,2621.695,0,282.421,0,0,11336.5,,1085.18,0,0,974.46,0,62.393,0,0,0,0,0,0,848.507,0,0,0,0,0,0,194.08599999999998,0,0,3009.69,163.45600000000002,0,0,169.86900000000003,0,0,0,0,0,0,0,24.392,1669.35,0,0,6304.6,,0,0,0,0,0,0,0,0,0,0,0,0,0,0,0,0,0,0,0,3274.35,0,0,0,0,0,0,0,0,1454.12,853.8625,0,44.263999999999996,,0,0,0,0,0,768.492,0,0,0,0,1100.07,0,0,432.2865,0,0,0,,,0,2160.48,0,0,0,0,151.535,0,0,0,,0,0,0,0,0,0,0,2747.11,,0,0,0,0,0,0,0,544.773,0,0,749.7280000000001,0,,0,1208.06,0,0,0,,0,4469.52,0,0,,0,0,0,0,995.4730000000001,0,0,,144.953,1853.83,0,,0,0,0,413.037,0,0,1476.46,0,750.1,0,0,0,0,3596.62,0,0,0,0,0,0,0,0,0,0,,0,0,,0,0,1114.19,462.4,0,0,0,540.266,0,0,0,0,652.073,0,0,0,0,0,0,,0,0,0,0,240.042,0,0,0,0,0,0,0,0,0,0,726.066,0,315.433,0,0,0,0,0,14009.45,290.371,0,0,0,0,424.959,1360.9595,3424.59,0,0,0,0,0,0,0,692.4989999999999,0,0,0,0,0,0,562.73325,0,0,0,,,0,0,0,0,0,0,0,0,0,0,0,0,0,0,0,0,0,0,629.186,0,0,0,0,0,199.99900000000002,312.86400000000003,0,0,0,0,0,,0,0,0,0,0,0,0,0,0,0,971.3639999999999,,0,0,0,0,0,0,0,0,367.9525,0,0,0,0,0,580.553,,0,0,0,0,0,,0,0,0,0,0,0,0,0,0,0,0,0,0,0,0,0,0,0,0,0,0,0,2.25,0,0,172.549,248.57299999999998,0,449.59666666666703,0,0,0,0,0,1114.99,0,0,0,0,,0,0,0,0,0,0,0,0,0,0,0,0,0,0,0,0,0,0,0,0,0,0,0,957.431,0,0,0,0,499.499,0,0,0,0,,,0,0,0,0,698.285,0,188.91400000000002,0,0,,0,51.053000000000004,1795.35,0,0,0,0,0,0,,0,0,171.00599999999997,0,0,742.2330000000001,0,,0,0,0,0,0,0,0,,0,0,0,0,0,,0,0,0,1913.96,0,229.9445,0,0,0,0,0,0,297.278,0,0,0,133.446,0,0,0,143.446,0,0,0,0,0,0,,0,0,751.313,184.30599999999998,0,0,0,0,0,551.371,0,0,0,0,0,0,355.87800000000004,0,0,0,0,0,0,0,0,2129.66,0,,0,0,0,0,0,0,0,,0,0,0,,0,0,0,0,0,0,0,0,0,0,0,0,0,0,0,0,0,0,0,0,4015.395,4916.88,0,0,0,158.906,0,0,0,0,0,0,0,0,0,198.273,0,,0,635.375,0,0,552.4780000000001,418.49699999999996,0,0,0,0,0,,0,318.1,0,0,0,0,0,0,0,0,0,0,0,0,0,0,0,0,0,0,0,0,0,0,0,0,0,0,0,0,0,0,0,0,,0,0,0,0,0,0,121.60600000000001,0,0,0,0,0,0,0,,214.83233333333303,0,0,1162.3345,0,0,222.3,0,394.046,0,0,0,0,0,0,0,0,0,0,0,0,2810.39,0,0,0,,0,0,29.349,0,0,0,0,,,0,0,0,0,0,875.7,0,,0,0,539.986,0,0,284.5545,,0,0,0,0,0,0,0,0,1958.935,0,,0,0,0,0,0,0,0,0,0,0,0,0,0,0,0,0,0,1039.86,117.564,0,0,,0,288.83299999999997,,0,non-metastatic
0,0,0,0,2300.73,,0,0,3684.25,,1421.79,449.7095,0,0,,0,2463.46,0,0,0,0,,0,141.118,0,0,0,9.289,,0,0,0,0,0,0,,0,0,0,0,0,0,0,0,0,0,0,153.747,0,0,0,1123.87,0,0,0,0,0,0,0,0,0,386.80800000000005,0,0,0,2941.83,,0,0,,0,0,0,0,60.227,0,0,0,0,0,0,0,0,0,0,0,,0,0,0,0,0,,0,0,0,0,0,0,0,0,0,0,0,0,0,0,0,0,0,0,,0,0,0,2439.84,0,0,0,0,0,0,1925.86,1453.18,0,0,3193.74,0,0,668.337,203.68599999999998,0,0,0,0,0,,0,0,3281.03,0,0,0,0,74.859,611.0169999999999,0,,0,0,0,0,0,0,0,0,0,0,0,557.624,0,407.36,0,181.47099999999998,0,0,0,0,,0,0,0,0,0,235.55900000000003,0,0,0,0,269.45599999999996,54.751000000000005,0,0,0,0,0,0,1279.782,0,0,2420.61,0,0,1308.42,0,0,0,417.324,0,0,,0,0,66.36,0,0,0,0,0,0,0,0,0,0,0,11734.7,0,0,0,,0,0,2793.1,0,0,0,,0,0,0,182.02700000000002,3378.99,0,979.284,0,0,0,118.667,0,0,6017.75,2484.97,198.149,0,546.786,0,0,,,0,0,0,1042.65,0,,0,1405.61,333.10699999999997,0,,0,0,0,0,0,0,0,0,0,0,0,0,0,0,502.119,1617.639,691.155,567.786,408.558666666667,0,899.653,2108.05,0,0,0,1597.32,0,,0,0,7081.27,,3118.22,0,0,905.059,0,71.862,0,0,0,0,0,0,393.12800000000004,0,0,0,0,0,0,144.545,0,0,5489.94,341.219,0,0,,0,0,0,0,0,0,0,,1469.66,0,0,1836.32,,0,0,0,0,0,0,0,0,0,0,0,0,0,0,0,0,0,0,0,3714.07,0,0,0,0,0,0,0,0,5359.8,1335.9379999999999,0,222.615,,0,0,0,0,0,916.557,0,0,0,0,753.405,0,0,1449.898,0,0,0,,1769.9,0,3610.15,0,0,0,0,58.39,0,0,0,,0,0,0,0,0,0,0,2499.44,,0,0,0,0,0,0,0,338.57800000000003,0,0,463.186,0,,0,2921.5,0,0,0,,0,5149.19,0,0,,0,0,0,0,692.171,0,0,59.708999999999996,,2148.05,0,,0,0,0,660.8889999999999,0,0,2947.82,0,570.979,0,0,0,0,2737.92,0,0,0,0,0,0,0,0,0,0,,0,0,,0,0,1056.02,565.697,0,0,0,668.0260000000001,0,0,0,0,361.34,0,0,0,0,0,0,,0,0,0,0,,0,0,0,0,0,0,0,0,0,0,571.831,0,675.8989999999999,0,0,0,0,0,26673.2,1179.44,0,0,0,0,1186.38,1366.4489999999998,2592.85,0,0,0,0,0,0,0,528.117,0,0,0,0,0,0,642.5685,0,0,0,245.2915,,0,0,0,0,0,0,0,0,0,0,0,0,0,0,0,0,0,0,459.371,0,0,0,0,0,226.34599999999998,1480.523,0,0,0,0,0,,0,0,0,0,0,0,0,0,0,0,1672.21,,0,0,0,0,0,0,0,0,264.1795,0,0,0,0,0,176.703,94.63,0,0,0,0,0,279.245,0,0,0,0,0,0,0,0,0,0,0,0,0,0,0,0,0,0,0,0,0,0,579.2959999999999,0,0,14.84,574.005,0,164.222666666667,0,0,0,0,0,1601.62,0,0,0,0,,0,0,0,0,0,0,0,0,0,0,0,0,0,0,0,0,0,0,0,0,0,0,0,639.033,0,0,0,0,360.76,0,0,0,0,261.123,461.6225,0,0,0,0,2873.25,0,331.37300000000005,0,0,,0,,1609.18,0,0,0,0,0,0,390.462,0,0,927.424,0,0,2386.665,0,238.554,0,0,0,0,0,0,0,,0,0,0,0,0,,0,0,0,2493.86,0,254.0475,0,0,0,0,0,0,492.49300000000005,0,0,0,,0,0,0,637.063,0,0,0,0,0,0,,0,0,360.603,411.889,0,0,0,0,0,19.357,0,0,0,0,0,0,1182.4,0,0,0,0,0,0,0,0,3388.39,0,,0,0,0,0,0,0,0,,0,0,0,,0,0,0,0,0,0,0,0,0,0,0,0,0,0,0,0,0,0,0,0,2365.37,8915.27,0,0,0,181.835,0,0,0,0,0,0,0,0,0,163.733,0,,0,708.5089999999999,0,0,333.042,164.981,0,0,0,0,0,,0,105.26700000000001,0,0,0,0,0,0,0,0,0,0,0,0,0,0,0,0,0,0,0,0,0,0,0,0,0,0,0,0,0,0,0,0,,0,0,0,0,0,0,,0,0,0,0,0,0,0,245.606,105.169333333333,0,0,,0,0,98.175,0,853.4839999999999,0,0,0,0,0,0,0,0,0,0,0,0,1371.31,0,0,0,,0,0,513.453,0,0,0,0,,,0,0,0,0,0,986.926,0,45.368,0,0,1436.56,0,0,,53.111000000000004,0,0,0,0,0,0,0,0,2141.387,0,,0,0,0,0,0,0,0,0,0,0,0,0,0,0,0,0,0,823.607,,0,0,,0,1154.23,,0,non-metastatic
0,0,0,0,1852.26,,0,0,4284.22,,586.07,712.8375,0,0,,0,2854.53,0,0,0,0,,0,,0,0,0,,,0,0,0,0,0,0,,0,0,0,0,0,0,0,0,0,0,0,812.875,0,0,0,1679.29,0,0,0,0,0,0,0,0,0,110.83200000000001,0,0,0,4977.13,,0,0,,0,0,0,0,,0,0,0,0,0,0,0,0,0,0,0,,0,0,0,0,0,,0,0,0,0,0,0,0,0,0,0,0,0,0,0,0,0,0,0,,0,0,0,1664.19,0,0,0,0,0,0,1491.785,797.427,0,0,1746.92,0,0,452.168,413.913,0,0,0,0,0,,0,0,2797.53,0,0,0,0,164.91099999999997,912.6469999999999,0,,0,0,0,0,0,0,0,0,0,0,0,515.327,0,448.978,0,53.026,0,0,0,0,,0,0,0,0,0,226.658,0,0,0,0,641.378,71.65899999999999,0,0,0,0,0,0,,0,0,2343.81,0,0,2128.41,0,0,0,1227.97,0,0,,0,0,,0,0,0,0,0,0,0,0,0,0,0,708.21,0,0,0,,0,0,2263.82,0,0,0,,0,0,0,214.40200000000002,4423.58,0,1056.05,0,0,0,309.48,0,0,2149.19,1757.41,1255.76,0,288.913,0,0,,,0,0,0,1924.87,0,,0,1150.43,542.823,0,,0,0,0,0,0,0,0,0,0,0,0,0,0,0,127.12200000000001,,259.264,923.638,206.82033333333302,0,668.302,1579.44,0,0,0,1697.725,0,616.0980000000001,0,0,11606.8,,7406.67,0,0,7.827999999999999,0,396.42699999999996,0,0,0,0,0,0,236.22,0,0,0,0,0,0,,0,0,10409.8,111.185,0,0,,0,0,0,0,0,0,0,395.094,2777.42,0,0,1267.31,,0,0,0,0,0,0,0,0,0,0,0,0,0,0,0,0,0,0,0,,0,0,0,0,0,0,0,0,3814.9,628.068,0,104.068,,0,0,0,0,0,1079.71,0,0,0,0,991.14,0,0,,0,0,0,,778.993,0,2186.3,0,0,0,0,,0,0,0,,0,0,0,0,0,0,0,2725.1,,0,0,0,0,0,0,0,525.409,0,0,457.67800000000005,0,,0,2204.52,0,0,0,,0,5052.73,0,0,162.1055,0,0,0,0,1297.075,0,0,230.64,,1743.9,0,,0,0,0,789.002,0,0,1866.79,0,770.9939999999999,0,0,0,0,3395.76,0,0,0,0,0,0,0,0,0,0,,0,0,,0,0,772.648,345.385,0,0,0,983.044,0,0,0,0,671.88,0,0,0,0,0,0,,0,0,0,0,,0,0,0,0,0,0,0,0,0,0,448.596,0,449.32099999999997,0,0,0,0,0,17787.85,367.64300000000003,0,0,0,0,463.608,1759.64,2899.7,0,0,0,0,0,0,0,579.3530000000001,0,0,0,0,0,0,821.54275,0,0,0,268.36,3844.4525,0,0,0,0,0,0,0,0,0,0,0,0,0,0,0,0,0,0,251.958,0,0,0,0,0,25.22,1376.5235,0,0,0,0,0,,0,0,0,0,0,0,0,0,0,0,1354.6,340.587,0,0,0,0,0,0,0,0,,0,0,0,0,0,45.312,,0,0,0,0,0,300.837,0,0,0,0,0,0,0,0,0,0,0,0,0,0,0,0,0,0,0,0,0,0,806.2410000000001,0,0,73.373,359.74699999999996,0,543.244,0,0,0,0,0,1735.58,0,0,0,0,,0,0,0,0,0,0,0,0,0,0,0,0,0,0,0,0,0,0,0,0,0,0,0,1265.19,0,0,0,0,509.371,0,0,0,0,,620.059,0,0,0,0,1685.44,0,167.549,0,0,,0,81.281,1631.2,0,0,0,0,0,0,307.298,0,0,547.085,0,0,1534.6545,0,180.665,0,0,0,0,0,0,0,,0,0,0,0,0,1688.6932,0,0,0,2470.01,0,350.9865,0,0,0,0,0,0,,0,0,0,,0,0,0,293.539,0,0,0,0,0,0,,0,0,401.306,235.61900000000003,0,0,0,0,0,275.828,0,0,0,0,0,0,716.367,0,0,0,0,0,0,0,0,2188.31,0,,0,0,0,0,0,0,0,,0,0,0,,0,0,0,0,0,0,0,0,0,0,0,0,0,0,0,0,0,0,0,0,2872.945,4379.73,0,0,0,275.778,0,0,0,0,0,0,0,0,0,256.66200000000003,0,,0,,0,0,775.122,679.748,0,0,0,0,0,,0,302.982,0,0,0,0,0,0,0,0,0,0,0,0,0,0,0,0,0,0,0,0,0,0,0,0,0,0,0,0,0,0,0,0,,0,0,0,0,0,0,,0,0,0,0,0,0,0,,302.34,0,0,893.5315,0,0,49.996,0,778.8430000000001,0,0,0,0,0,0,0,0,0,0,0,0,1965.9,0,0,0,,0,0,564.868,0,0,0,0,,,0,0,0,0,0,491.327,0,56.39,0,0,980.21,0,0,,160.357,0,0,0,0,0,0,0,0,1823.9525,0,,0,0,0,0,0,0,0,0,0,0,0,0,0,0,0,0,0,1419.64,18.067999999999998,0,0,,0,498.361,,0,non-metastatic
0,0,0,0,1844.99,,0,0,2554.58,,935.3610000000001,423.8565,0,0,382.07800000000003,0,3225.53,0,0,0,0,,0,,0,0,0,,,0,0,0,0,0,0,,0,0,0,0,0,0,0,0,0,0,0,370.736,0,0,0,5598.4,0,0,0,0,0,0,0,0,0,698.304,0,0,0,3740.03,,0,0,,0,0,0,0,57.036,0,0,0,0,0,0,0,0,0,0,0,257.7255,0,0,0,0,0,27.48,0,0,0,0,0,0,0,0,0,0,0,0,0,0,0,0,0,0,,0,0,0,845.9780000000001,0,0,0,0,0,0,716.7135,2231.07,0,0,482.408,0,0,477.62800000000004,26.239,0,0,0,0,0,,0,0,4572.98,0,0,0,0,,617.9490000000001,0,,0,0,0,0,0,0,0,0,0,0,0,518.256,0,224.47299999999998,0,57.496,0,0,0,0,,0,0,0,0,0,464.915,0,0,0,0,114.945,,0,0,0,0,0,0,,0,0,1198.91,0,0,1369.41,0,0,0,127.133,0,0,,0,0,,0,0,0,0,0,0,0,0,0,0,0,,0,0,0,,0,0,2885.74,0,0,0,82.329,0,0,0,752.173,3877.72,0,708.091,0,0,0,540.755,0,0,728.2669999999999,1288.1,,0,380.89300000000003,0,0,,120.616,0,0,0,2915.31,0,,0,121.946,589.284,0,,0,0,0,0,0,0,0,0,0,0,0,0,0,0,,,128.475,1396.55,,0,269.70799999999997,1092.6285,0,0,0,2257.965,0,,0,0,4702.14,,2705.07,0,0,1246.51,0,5.078,0,0,0,0,0,0,627.839,0,0,0,0,0,0,,0,0,1185.96,,0,0,,0,0,0,0,0,0,0,120.374,1435.79,0,0,778.997,,0,0,0,0,0,0,0,0,0,0,0,0,0,0,0,0,0,0,0,4319.95,0,0,0,0,0,0,0,0,2724.9,,0,69.58800000000001,,0,0,0,0,0,982.946,0,0,0,0,432.004,0,0,,0,0,0,,2069.57,0,2649.8,0,0,0,0,1.39,0,0,0,752.137,0,0,0,0,0,0,0,3263.95,,0,0,0,0,0,0,0,316.564,0,0,1252.09,0,,0,893.942,0,0,0,,0,4820.3,0,0,220.722,0,0,0,0,1236.27,0,0,,1370.67,1139.14,0,,0,0,0,855.317,0,0,1466.02,0,1031.18,0,0,0,0,2747.96,0,0,0,0,0,0,0,0,0,0,190.16400000000002,0,0,382.36,0,0,1426.96,414.07300000000004,0,0,0,946.4889999999999,0,0,0,0,815.9010000000001,0,0,0,0,0,0,,0,0,0,0,,0,0,0,0,0,0,0,0,0,0,607.172,0,1426.01,0,0,0,0,0,15881.45,605.922,0,0,0,0,873.232,,2671.05,0,0,0,0,0,0,0,701.7460000000001,0,0,0,0,0,0,1074.95325,0,0,0,794.172,3148.886,0,0,0,0,0,0,0,0,0,0,0,0,0,0,0,0,0,0,413.17800000000005,0,0,0,0,0,72.188,855.7655,0,0,0,0,0,337.10975,0,0,0,0,0,0,0,0,0,0,788.932,,0,0,0,0,0,0,0,0,727.8860000000001,0,0,0,0,0,440.087,,0,0,0,0,0,89.213,0,0,0,0,0,0,0,0,0,0,0,0,0,0,0,0,0,0,0,0,0,0,527.2040000000001,0,0,121.402,231.47,0,918.4533333333329,0,0,0,0,0,2772.4,0,0,0,0,,0,0,0,0,0,0,0,0,0,0,0,0,0,0,0,0,0,0,0,0,0,0,0,995.6260000000001,0,0,0,0,700.561,0,0,0,0,,,0,0,0,0,626.516,0,487.204,0,0,,0,563.439,2548.49,0,0,0,0,0,0,,0,0,218.49099999999999,0,0,209.5815,0,424.73800000000006,0,0,0,0,0,0,0,,0,0,0,0,0,2673.9334,0,0,0,3975.84,0,304.6825,0,0,0,0,0,0,,0,0,0,,0,0,0,291.453,0,0,0,0,0,0,,0,0,972.8489999999999,107.27,0,0,0,0,0,183.614,0,0,0,0,0,0,1369.97,0,0,0,0,0,0,0,0,5110.16,0,,0,0,0,0,0,0,0,1437.6605,0,0,0,,0,0,0,0,0,0,0,0,0,0,0,0,0,0,0,0,0,0,0,0,380.2115,379.82,0,0,0,261.20799999999997,0,0,0,0,0,0,0,0,0,475.298,0,,0,,0,0,799.936,937.9989999999999,0,0,0,0,0,,0,181.317,0,0,0,0,0,0,0,0,0,0,0,0,0,0,0,0,0,0,0,0,0,0,0,0,0,0,0,0,0,0,0,0,,0,0,0,0,0,0,,0,0,0,0,0,0,0,,,0,0,1490.535,0,0,71.664,0,2563.95,0,0,0,0,0,0,0,0,0,0,0,0,1727.09,0,0,0,,0,0,1355.56,0,0,0,0,,,0,0,0,0,0,2092.8,0,185.15599999999998,0,0,547.881,0,0,,24.885,0,0,0,0,0,0,0,0,2195.625,0,,0,0,0,0,0,0,0,0,0,0,0,0,0,0,0,0,0,749.35,,0,0,,0,559.86,24822.0908333333,0,non-metastatic
0,0,0,0,3408.84,,0,0,3281.97,,932.4960000000001,496.99800000000005,0,0,,0,2102.48,0,0,0,0,,0,,0,0,0,,,0,0,0,0,0,0,,0,0,0,0,0,0,0,0,0,0,0,293.921,0,0,0,2432.14,0,0,0,0,0,0,0,0,0,71.816,0,0,0,4013.29,,0,0,,0,0,0,0,356.26099999999997,0,0,0,0,0,0,0,0,0,0,0,,0,0,0,0,0,,0,0,0,0,0,0,0,0,0,0,0,0,0,0,0,0,0,0,,0,0,0,1562.83,0,0,0,0,0,0,1187.567,7325.29,0,0,1078.9,0,0,402.894,10.427999999999999,0,0,0,0,0,,0,0,4849.66,0,0,0,0,146.1325,1067.83,0,,0,0,0,0,0,0,0,0,0,0,0,450.74800000000005,0,191.149,0,211.44299999999998,0,0,0,0,,0,0,0,0,0,140.643,0,0,0,0,249.32299999999998,1263.02,0,0,0,0,0,0,,0,0,1755.04,0,0,1942.94,0,0,0,1012.08,0,0,,0,0,678.122,0,0,0,0,0,0,0,0,0,0,0,,0,0,0,,0,0,689.3560000000001,0,0,0,,0,0,0,41.213,2894.52,0,666.448,0,0,0,243.322,0,0,1544.05,2174.04,688.091,0,497.13800000000003,0,0,,370.46,0,0,0,1969.27,0,,0,916.676,571.414,0,,0,0,0,0,0,0,0,0,0,0,0,0,0,0,,,514.488,757.448,730.863,0,261.129,6228.605,0,0,0,1537.832,0,390.955,0,0,8391.42,,1540.08,0,0,888.455,0,20.097,0,0,0,0,0,0,3093.14,0,0,0,0,0,0,523.012,0,0,2170.82,,0,0,,0,0,0,0,0,0,0,153.821,1485.76,0,0,3377.11,,0,0,0,0,0,0,0,0,0,0,0,0,0,0,0,0,0,0,0,3481.48,0,0,0,0,0,0,0,0,2019.95,480.3495,0,,,0,0,0,0,0,788.1160000000001,0,0,0,0,662.0160000000001,0,0,787.237,0,0,0,38.798,1290.99,0,3414.22,0,0,0,0,119.073,0,0,0,54.015,0,0,0,0,0,0,0,3397.6,,0,0,0,0,0,0,0,399.719,0,0,325.501,0,4.497,0,2177.9,0,0,0,,0,5188.87,0,0,,0,0,0,0,1317.045,0,0,,41.548,1760.61,0,,0,0,0,1043.33,0,0,2120.05,0,1280.03,0,0,0,0,4332.55,0,0,0,0,0,0,0,0,0,0,,0,0,28.857,0,0,494.881,315.197,0,0,0,411.45099999999996,0,0,0,0,1187.62,0,0,0,0,0,0,,0,0,0,0,251.21599999999998,0,0,0,0,0,0,0,0,0,0,304.776,0,1199.3,0,0,0,0,0,16602.0,1495.6,0,0,0,0,522.618,3342.405,2233.98,0,0,0,0,0,0,0,712.686,0,0,0,0,0,0,660.816,0,0,0,,,0,0,0,0,0,0,0,0,0,0,0,0,0,0,0,0,0,0,435.06199999999995,0,0,0,0,0,197.033,490.2965,0,0,0,0,0,318.40225,0,0,0,0,0,0,0,0,0,0,1269.71,,0,0,0,0,0,0,0,0,649.6475,0,0,0,0,0,,,0,0,0,0,0,88.646,0,0,0,0,0,0,0,0,0,0,0,0,0,0,0,0,0,0,0,0,0,0,536.443,0,0,,188.361,0,583.161666666667,0,0,0,0,0,1814.06,0,0,0,0,888.5225,0,0,0,0,0,0,0,0,0,0,0,0,0,0,0,0,0,0,0,0,0,0,0,734.61,0,0,0,0,459.46,0,0,0,0,,923.14,0,0,0,0,1030.02,0,54.501000000000005,0,0,,0,198.62599999999998,2220.0,0,0,0,0,0,0,,0,0,587.319,0,0,944.7445,0,684.683,0,0,0,0,0,0,0,,0,0,0,0,0,,0,0,0,1503.53,0,259.60400000000004,0,0,0,0,0,0,,0,0,0,25.436999999999998,0,0,0,324.812,0,0,0,0,0,0,,0,0,386.135,107.689,0,0,0,0,0,,0,0,0,0,0,0,436.30800000000005,0,0,0,0,0,0,0,0,6905.18,0,,0,0,0,0,0,0,0,973.2245,0,0,0,,0,0,0,0,0,0,0,0,0,0,0,0,0,0,0,0,0,0,0,0,1226.14,1636.09,0,0,0,52.599,0,0,0,0,0,0,0,0,0,262.473,0,200.856,0,592.254,0,0,493.719,725.762,0,0,0,0,0,,0,543.611,0,0,0,0,0,0,0,0,0,0,0,0,0,0,0,0,0,0,0,0,0,0,0,0,0,0,0,0,0,0,0,0,,0,0,0,0,0,0,,0,0,0,0,0,0,0,,,0,0,1183.5135,0,0,64.227,0,606.116,0,0,0,0,0,0,0,0,0,0,0,0,2008.73,0,0,0,,0,0,189.062,0,0,0,0,,,0,0,0,0,0,1122.77,0,,0,0,539.507,0,0,,427.126,0,0,0,0,0,0,0,0,2407.2625,0,,0,0,0,0,0,0,0,0,0,0,0,0,0,0,0,0,0,572.335,163.96400000000003,0,0,,0,518.716,18418.5251666667,0,non-metastatic
0,0,0,0,3578.42,,0,0,3741.01,,650.685,635.825,0,0,,0,1955.15,0,0,0,0,,0,522.83,0,0,0,264.77099999999996,,0,0,0,0,0,0,,0,0,0,0,0,0,0,0,0,0,0,456.533,0,0,0,1428.94,0,0,0,0,0,0,0,0,0,174.826,0,0,0,3837.03,,0,0,,0,0,0,0,177.71900000000002,0,0,0,0,0,0,0,0,0,0,0,,0,0,0,0,0,,0,0,0,0,0,0,0,0,0,0,0,0,0,0,0,0,0,0,,0,0,0,1892.39,0,0,0,0,0,0,1096.0375,1986.42,0,0,1822.27,0,0,746.485,,0,0,0,0,0,980.9069999999999,0,0,6806.9,0,0,0,0,399.3335,842.2189999999999,0,,0,0,0,0,0,0,0,0,0,0,0,526.928,0,662.5060000000001,0,,0,0,0,0,,0,0,0,0,0,300.893,0,0,0,0,627.6569999999999,676.666,0,0,0,0,0,0,1777.2625,0,0,2400.81,0,0,1965.83,0,0,0,294.046,0,0,,0,0,385.02099999999996,0,0,0,0,0,0,0,0,0,0,0,981.6060000000001,0,0,0,,0,0,1147.67,0,0,0,,0,0,0,43.806999999999995,4744.66,0,702.533,0,0,0,361.76,0,0,1573.41,2068.81,139.379,0,996.8810000000001,0,0,,53.042,0,0,0,1708.39,0,,0,1279.29,144.62,0,,0,0,0,0,0,0,0,0,0,0,0,0,0,0,482.6,2529.34375,99.713,1063.98,630.052666666667,0,591.533,1641.22,0,0,0,1357.0825,0,,0,0,12432.7,,969.6210000000001,0,0,755.773,0,,0,0,0,0,0,0,324.026,0,0,0,0,0,0,,0,0,2294.08,400.96,0,0,,0,0,0,0,0,0,0,190.72799999999998,2605.44,0,0,6031.28,881.44,0,0,0,0,0,0,0,0,0,0,0,0,0,0,0,0,0,0,0,3338.45,0,0,0,0,0,0,0,0,1757.82,1062.845,0,,,0,0,0,0,0,1496.36,0,0,0,0,509.32800000000003,0,0,1081.95,0,0,0,,,0,2465.21,0,0,0,0,125.699,0,0,0,,0,0,0,0,0,0,0,3864.52,,0,0,0,0,0,0,0,466.833,0,0,427.985,0,,0,1536.47,0,0,0,,0,5188.83,0,0,,0,0,0,0,1423.075,0,0,,250.707,1946.06,0,,0,0,0,194.40599999999998,0,0,1717.33,0,880.057,0,0,0,0,4079.69,0,0,0,0,0,0,0,0,0,0,,0,0,,0,0,1374.32,554.285,0,0,0,493.879,0,0,0,0,677.72,0,0,0,0,0,0,,0,0,0,0,64.8,0,0,0,0,0,0,0,0,0,0,718.313,0,986.956,0,0,0,0,0,15134.95,499.44199999999995,0,0,0,0,798.846,1236.333,5010.95,0,0,0,0,0,0,0,1183.31,0,0,0,0,0,0,,0,0,0,,,0,0,0,0,0,0,0,0,0,0,0,0,0,0,0,0,0,0,821.08,0,0,0,0,0,228.93900000000002,373.4175,0,0,0,0,0,,0,0,0,0,0,0,0,0,0,0,1483.38,,0,0,0,0,0,0,0,0,565.9625,0,0,0,0,0,253.933,325.228,0,0,0,0,0,,0,0,0,0,0,0,0,0,0,0,0,0,0,0,0,0,0,0,0,0,0,0,82.15299999999999,0,0,239.12099999999998,371.16,0,504.19800000000004,0,0,0,0,0,1998.19,0,0,0,0,,0,0,0,0,0,0,0,0,0,0,0,0,0,0,0,0,0,0,0,0,0,0,0,848.937,0,0,0,0,898.166,0,0,0,0,,519.73,0,0,0,0,691.393,0,340.186,0,0,,0,,2706.07,0,0,0,0,0,0,48.261,0,0,309.014,0,0,1068.7930000000001,0,237.692,0,0,0,0,0,0,0,,0,0,0,0,0,1457.03,0,0,0,2265.6,0,226.6035,0,0,0,0,0,0,218.342,0,0,0,23.913,0,0,0,72.243,0,0,0,0,0,0,,0,0,1185.06,158.499,0,0,0,0,0,796.4780000000001,0,0,0,0,0,0,328.285,0,0,0,0,0,0,0,0,3470.33,0,,0,0,0,0,0,0,0,1298.288,0,0,0,,0,0,0,0,0,0,0,0,0,0,0,0,0,0,0,0,0,0,0,0,4776.205,5232.56,0,0,0,,0,0,0,0,0,0,0,0,0,415.42800000000005,0,,0,1063.698,0,0,551.692,338.329,0,0,0,0,0,,0,620.807,0,0,0,0,0,0,0,0,0,0,0,0,0,0,0,0,0,0,0,0,0,0,0,0,0,0,0,0,0,0,0,0,,0,0,0,0,0,0,,0,0,0,0,0,0,0,,,0,0,,0,0,115.859,0,796.193,0,0,0,0,0,0,0,0,0,0,0,0,3498.55,0,0,0,,0,0,527.721,0,0,0,0,,1260.3495,0,0,0,0,0,1252.16,0,,0,0,649.726,0,0,,,0,0,0,0,0,0,0,0,2287.348,0,,0,0,0,0,0,0,0,0,0,0,0,0,0,0,0,0,0,136.74200000000002,363.32099999999997,0,0,,0,682.893,,0,non-metastatic
0,0,0,0,2315.04,,0,0,3809.39,,1017.47,406.4765,0,0,,0,2288.87,0,0,0,0,,0,724.437,0,0,0,352.426,,0,0,0,0,0,0,,0,0,0,0,0,0,0,0,0,0,0,931.334,0,0,0,1196.48,0,0,0,0,0,0,0,0,0,,0,0,0,5735.04,,0,0,,0,0,0,0,,0,0,0,0,0,0,0,0,0,0,0,,0,0,0,0,0,,0,0,0,0,0,0,0,0,0,0,0,0,0,0,0,0,0,0,,0,0,0,1392.97,0,0,0,0,0,0,839.8989999999999,3512.54,0,0,1714.09,0,0,,120.70700000000001,0,0,0,0,0,1034.56,0,0,7915.78,0,0,0,0,90.7215,918.485,0,,0,0,0,0,0,0,0,0,0,0,0,103.193,0,199.882,0,,0,0,0,0,,0,0,0,0,0,353.51800000000003,0,0,0,0,390.56300000000005,,0,0,0,0,0,0,1087.0255,0,0,1342.7,0,0,1604.63,0,0,0,169.37900000000002,0,0,,0,0,,0,0,0,0,0,0,0,0,0,0,0,,0,0,0,,0,0,4795.23,0,0,0,,0,0,0,925.732,4562.01,0,303.973,0,0,0,540.499,0,0,1765.76,2149.14,927.515,0,595.4,0,0,,,0,0,0,2065.87,0,,0,205.093,488.56,0,,0,0,0,0,0,0,0,0,0,0,0,0,0,0,500.43300000000005,1347.925,88.661,888.5939999999999,699.406666666667,0,313.736,1025.415,0,0,0,2895.74,0,,0,0,6085.29,,3414.79,0,0,234.981,0,208.648,0,0,0,0,0,0,100.245,0,0,0,0,0,0,373.716,0,0,2299.28,,0,0,216.325,0,0,0,0,0,0,0,220.56900000000002,1493.14,0,0,567.9490000000001,882.2539999999999,0,0,0,0,0,0,0,0,0,0,0,0,0,0,0,0,0,0,0,3735.4,0,0,0,0,0,0,0,0,1806.67,535.4630000000001,0,114.626,,0,0,0,0,0,1409.12,0,0,0,0,158.327,0,0,,0,0,0,,1145.4,0,3715.95,0,0,0,0,141.514,0,0,0,,0,0,0,0,0,0,0,3644.82,,0,0,0,0,0,0,0,546.5419999999999,0,0,13.839,0,,0,1241.2,0,0,0,,0,4936.97,0,0,,0,0,0,0,1556.68,0,0,,3496.24,1261.04,0,,0,0,0,597.8340000000001,0,0,1533.72,0,1075.27,0,0,0,0,3750.92,0,0,0,0,0,0,0,0,0,0,,0,0,,0,0,1156.57,357.85400000000004,0,0,0,304.158,0,0,0,0,1622.7,0,0,0,0,0,0,,0,0,0,0,,0,0,0,0,0,0,0,0,0,0,1057.14,0,1374.47,0,0,0,0,0,16254.15,768.332,0,0,0,0,546.143,,6029.52,0,0,0,0,0,0,0,1170.32,0,0,0,0,0,0,1285.792,0,0,0,403.895,2723.4365,0,0,0,0,0,0,0,0,0,0,0,0,0,0,0,0,0,0,1028.82,0,0,0,0,0,288.551,1250.024,0,0,0,0,0,,0,0,0,0,0,0,0,0,0,0,1298.19,,0,0,0,0,0,0,0,0,,0,0,0,0,0,,,0,0,0,0,0,,0,0,0,0,0,0,0,0,0,0,0,0,0,0,0,0,0,0,0,0,0,0,264.754,0,0,138.14,452.211,0,769.262666666667,0,0,0,0,0,1635.26,0,0,0,0,,0,0,0,0,0,0,0,0,0,0,0,0,0,0,0,0,0,0,0,0,0,0,0,548.727,0,0,0,0,654.239,0,0,0,0,,306.191,0,0,0,0,709.63,0,689.9860000000001,0,0,,0,81.066,2584.02,0,0,0,0,0,0,10.447000000000001,0,0,420.333,0,0,,0,84.61,0,0,0,0,0,0,0,,0,0,0,0,0,1792.6128,0,0,0,4764.5,0,285.3685,0,0,0,0,0,0,474.045,0,0,0,,0,0,0,254.827,0,0,0,0,0,0,,0,0,1429.46,159.297,0,0,0,0,0,834.793,0,0,0,0,0,0,797.6289999999999,0,0,0,0,0,0,0,0,6243.95,0,,0,0,0,0,0,0,0,,0,0,0,,0,0,0,0,0,0,0,0,0,0,0,0,0,0,0,0,0,0,0,0,388.5435,1321.37,0,0,0,105.48200000000001,0,0,0,0,0,0,0,0,0,364.236,0,507.171,0,304.4465,0,0,784.3989999999999,,0,0,0,0,0,236.22299999999998,0,298.332,0,0,0,0,0,0,0,0,0,0,0,0,0,0,0,0,0,0,0,0,0,0,0,0,0,0,0,0,0,0,0,0,,0,0,0,0,0,0,,0,0,0,0,0,0,0,77.288,,0,0,,0,0,,0,2371.17,0,0,0,0,0,0,0,0,0,0,0,0,2873.55,0,0,0,359.26300000000003,0,0,1806.69,0,0,0,0,,,0,0,0,0,0,1845.51,0,,0,0,421.69199999999995,0,0,,,0,0,0,0,0,0,0,0,2044.3595,0,,0,0,0,0,0,0,0,0,0,0,0,0,0,0,0,0,0,316.409,128.002,0,0,,0,516.0740000000001,,0,non-metastatic
0,0,0,0,2553.38,,0,0,3352.37,,1789.39,454.3485,0,0,,0,2004.11,0,0,0,0,,0,395.829,0,0,0,,,0,0,0,0,0,0,,0,0,0,0,0,0,0,0,0,0,0,491.89,0,0,0,1114.0,0,0,0,0,0,0,0,0,0,373.81800000000004,0,0,0,3585.34,,0,0,,0,0,0,0,90.25,0,0,0,0,0,0,0,0,0,0,0,467.2035,0,0,0,0,0,,0,0,0,0,0,0,0,0,0,0,0,0,0,0,0,0,0,0,,0,0,0,1355.01,0,0,0,0,0,0,735.76,2725.18,0,0,1790.66,0,0,1077.26,,0,0,0,0,0,973.806,0,0,6774.06,0,0,0,0,,741.448,0,,0,0,0,0,0,0,0,0,0,0,0,342.50699999999995,0,448.97,0,83.49700000000001,0,0,0,0,,0,0,0,0,0,257.14099999999996,0,0,0,0,384.539,,0,0,0,0,0,0,1270.131,0,0,1295.55,0,0,1191.16,0,0,0,193.021,0,0,,0,0,,0,0,0,0,0,0,0,0,0,0,0,,0,0,0,,0,0,4659.98,0,0,0,,0,0,0,1266.44,4269.38,0,548.6659999999999,0,0,0,366.903,0,0,1759.69,1961.97,537.555,0,400.76300000000003,0,0,,627.349,0,0,0,1733.85,0,,0,772.2439999999999,419.18,0,,0,0,0,0,0,0,0,0,0,0,0,0,0,0,685.378,1249.51125,211.785,862.954,475.804666666667,0,562.722,1206.8695,0,0,0,1898.2,0,,0,0,5446.55,,3051.87,0,0,1241.18,0,,0,0,0,0,0,0,524.409,0,0,0,0,0,0,,0,0,2208.95,,0,0,440.916,0,0,0,0,0,0,0,4.833,1532.27,0,0,580.227,802.9010000000001,0,0,0,0,0,0,0,0,0,0,0,0,0,0,0,0,0,0,0,5628.82,0,0,0,0,0,0,0,0,1808.6,532.0205,0,,,0,0,0,0,0,1178.14,0,0,0,0,209.264,0,0,792.334,0,0,0,,,0,3103.31,0,0,0,0,56.026,0,0,0,,0,0,0,0,0,0,0,3078.31,,0,0,0,0,0,0,0,556.769,0,0,654.43,0,,0,973.201,0,0,0,,0,3316.46,0,0,165.49400000000003,0,0,0,0,1310.115,0,0,398.223,3147.95,1342.0,0,,0,0,0,557.2769999999999,0,0,1785.02,0,920.453,0,0,0,0,3377.62,0,0,0,0,0,0,0,0,0,0,18.276,0,0,,0,0,578.878,300.678,0,0,0,523.875,0,0,0,0,1104.09,0,0,0,0,0,0,,0,0,0,0,,0,0,0,0,0,0,0,0,0,0,985.9019999999999,0,1465.92,0,0,0,0,0,16052.0,483.716,0,0,0,0,786.2180000000001,874.1325,4359.37,0,0,0,0,0,0,0,922.7710000000001,0,0,0,0,0,0,813.21,0,0,0,,2680.203,0,0,0,0,0,0,0,0,0,0,0,0,0,0,0,0,0,0,465.163,0,0,0,0,0,555.035,645.25,0,0,0,0,0,,0,0,0,0,0,0,0,0,0,0,988.3580000000001,,0,0,0,0,0,0,0,0,454.8125,0,0,0,0,0,161.369,84.818,0,0,0,0,0,,0,0,0,0,0,0,0,0,0,0,0,0,0,0,0,0,0,0,0,0,0,0,398.11300000000006,0,0,97.794,308.551,0,689.9986666666671,0,0,0,0,0,1259.75,0,0,0,0,,0,0,0,0,0,0,0,0,0,0,0,0,0,0,0,0,0,0,0,0,0,0,0,891.628,0,0,0,0,535.906,0,0,0,0,,,0,0,0,0,855.326,0,361.265,0,0,124.0515,0,,2789.12,0,0,0,0,0,0,,0,0,293.61,0,0,1081.865,0,127.359,0,0,0,0,0,0,0,,0,0,0,0,0,1767.7674,0,0,0,3851.56,0,316.901,0,0,0,0,0,0,,0,0,0,,0,0,0,306.95799999999997,0,0,0,0,0,0,,0,0,1795.54,243.643,0,0,0,0,0,1010.15,0,0,0,0,0,0,1210.26,0,0,0,0,0,0,0,0,6404.39,0,,0,0,0,0,0,0,0,,0,0,0,,0,0,0,0,0,0,0,0,0,0,0,0,0,0,0,0,0,0,0,0,576.1635,1444.27,0,0,0,132.937,0,0,0,0,0,0,0,0,0,289.82599999999996,0,489.07800000000003,0,214.3535,0,0,628.512,,0,0,0,0,0,,0,337.13,0,0,0,0,0,0,0,0,0,0,0,0,0,0,0,0,0,0,0,0,0,0,0,0,0,0,0,0,0,0,0,0,,0,0,0,0,0,0,,0,0,0,0,0,0,0,,189.220333333333,0,0,,0,0,45.641999999999996,0,2105.93,0,0,0,0,0,0,0,0,0,0,0,0,3184.05,0,0,0,,0,0,1684.33,0,0,0,0,,,0,0,0,0,0,1569.54,0,,0,0,568.1659999999999,0,0,,,0,0,0,0,0,0,0,0,1931.9715,0,,0,0,0,0,0,0,0,0,0,0,0,0,0,0,0,0,0,,322.291,0,0,,0,447.57800000000003,,0,non-metastatic
