"PSME1","CISD1","SPDEF","ATF1","RHEB","IGF1R","FOXO3","GSTM2","RHOA","IL1B","ASAH1","RALA","ARHGEF12","SOX2","SERPINE1","HLA.DMA","EGF","SPTLC2","APP","TSKU","TMEM2","NOS3","CSNK1A1","NFATC4","TBP","SLC2A6","EZH2","ICAM3","BRCA1","PSMD4","PHKG2","ETV1","KDM5B","COG4","MCM3","TERT","SNX13","PAK4","DPH2","SNX6","EED","WIPF2","NENF","RPN1","C2CD2L","GABPB1","POLR2K","PTK2B","PAF1","POLR1C","RUVBL1","AKT1","SENP6","HSPB1","EBP","CASK","RRP8","PIK3C3","BHLHE40","BDH1","SH3BP5","PPP2R5A","EML3","BIRC5","EPRS","PAX8","CBLB","PDS5A","DFFB","TGFB3","XBP1","NMT1","ARFIP2","STAMBP","PRKX","FAH","PLP2","SOX4","TESK1","HN1L","RRAGA","ELOVL6","ACBD3","PMAIP1","TWF2","HDAC6","CCND1","PXN","PHKB","NFKBIB","CASC3","MLEC","GLI2","USP22","TMED10","CHERP","PIK3CA","TRAPPC6A","ATP2C1","USP14","APPBP2","RPS6","ECH1","HDAC2","DFFA","MRPL19","SUZ12","CSNK2A2","TICAM1","KIAA0100","PAICS","CDK2","EDN1","KIAA0494","SQSTM1","HIF1A","WRB","ETFB","CAMSAP2","ARNT2","SPAG7","MAPK1IP1L","MSH6","UBE2C","HS2ST1","TXLNA","DNAJB1","TOPBP1","ABCF1","LGMN","PTGS2","PLA2G4A","MAT2A","MBTPS1","ZNF274","CLIC4","EIF4G1","BTK","MYL9","PSMD2","CLTC","HSD17B10","STX1A","ALDOA","STAT5B","CCNA2","SDHB","ETS1","FOXO4","TOMM34","KIAA0907","HK1","PAPD7","PLOD3","TRAK2","VAPB","HSPD1","BUB1B","MRPL12","PNP","CEBPA","PSMF1","USP1","RPA1","KLHDC2","SCARB1","TPM1","TM9SF2","ATF6","NUP88","FUT1","PRUNE","SYPL1","ZNF451","RALB","TRIM13","FBXO7","PPARD","ENOSF1","STAT3","LIG1","GNB5","INSIG1","DNMT3A","HIST2H2BE","S100A4","KTN1","ARHGAP1","LPAR2","COASY","RASA1","ATMIN","CASP3","PSME2","NISCH","CPSF4","COPB2","GADD45A","SMNDC1","NUDCD3","FGFR2","HMGCR","SLC35B1","TIMP2","LSM6","CALM3","SACM1L","TCERG1","KIAA0196","DNM1","DDIT4","ALAS1","PAFAH1B1","PSRC1","ERO1L","APOE","RBM15B","TOMM70A","CBR1","PRKCD","PIK3R4","CSNK1E","JUN","TMEM50A","SCCPDH","TSC22D3","TFAP2A","ZNF395","VPS72","CLSTN1","MAPK9","SKP1","POP4","NFE2L2","BLCAP","FAM20B","PROS1","CRKL","ZNF318","FDFT1","TRAP1","GTF2A2","PSMD9","MTFR1","UBE2A","NIT1","SYNGR3","NFKB2","STK25","ABCF3","FCHO1","OXSR1","SMARCC1","PAK6","GHR","GLOD4","CDK4","IL4R","PRKAG2","KIT","PTPRC","PSMG1","TMEM97","LRRC41","KIAA1279","TCEAL4","NUP133","NUP62","SPTAN1","MALT1","YKT6","KIF2C","NNT","COL1A1","CDC25A","TP53","IQGAP1","EGR1","MUC1","AURKB","HSPA4","TOP2A","NCK2","AURKA","B3GNT1","CDK5R1","SCP2","RAD9A","DRAP1","PCMT1","FYN","MYC","POLB","CETN3","SMC4","SMARCD2","MPZL1","NRAS","EBNA1BP2","TATDN2","LRPAP1","BNIP3L","TBPL1","RAE1","CDK1","SLC35A1","NIPSNAP1","BCL7B","TIMELESS","DHX29","MMP2","TCEA2","FHL2","FKBP4","KAT6A","CDK7","MAP3K4","ZFP36","INPP1","RAC2","HMOX1","COL4A1","EPB41L2","GNAI2","TSTA3","DNMT1","RAB27A","DDR1","LPGAT1","DUSP11","TP53BP2","CDKN1A","TJP1","ABCB6","MTHFD2","PRAF2","DNTTIP2","HTATSF1","NCAPD2","TMEM109","ICAM1","NUP93","PLA2G15","PIP4K2B","MYCBP2","PGRMC1","AARS","GPC1","ELAC2","PLSCR1","CTSL1","CTSD","ARHGEF2","ILK","NFIL3","ARL4C","CPNE3","C5","SCRN1","MAN2B1","NFKBIA","DCTD","MBNL1","MYCBP","PTPN1","BRP44","ECD","CIRBP","NFKBIE","PRSS23","CCNH","P4HA2","ATP6V0B","CAPN1","STXBP1","ITGB5","SLC11A2","PDIA5","RAP1GAP","NOLC1","CAT","DUSP14","HMGA2","IGFBP3","TRIB1","TP53BP1","FRS2","BECN1","KDELR2","ELAVL1","IFNAR1","MIF","DAG1","IGF2BP2","IGF2R","TIPARP","CRTAP","GMNN","CYTH1","PRCP","SMARCA4","PYGL","RPA2","ERBB3","GTF2E2","ANXA7","TXNRD1","FZD1","CRYZ","GAA","SKIV2L","BLMH","RRP1B","TSPAN3","PIK3R3","KEAP1","TFDP1","SMC3","LBR","PPIE","TERF2IP","BNIP3","BCL2","RBM6","CSK","ALDOC","UBE2L6","SYK","PCBD1","ICMT","EIF4EBP1","GNPDA1","CCND3","NUCB2","RSU1","PTPN6","DUSP4","PTPN12","PCK2","RB1","GFPT1","BLVRA","S100A13","MYBL2","STX4","TMCO1","PARP1","CCDC85B","DDB2","BAMBI","HADH","GLRX","MVP","STMN1","GALE","PTPRF","PGM1","LOXL1","MYO10","LIPA","PHGDH","ST7","IKBKB","PCM1","IER3","FAT1","RNMT","EGFR","NET1","DECR1","CDK6","NPC1","MEST","PAFAH1B3","CALU","LGALS8","LRP10","ATP1B1","OXCT1","SLC25A4","PSMB10","ASCC3","TRAM2","PYCR1","NCOA3","POLD4","FOSL1","PRKACA","LYRM1","VDAC1","SORBS3","SPAG4","E2F2","SLC5A6","RGS2","SCYL3","TBX2","DNAJA3","DCUN1D4","DYRK3","POLG2","TRAPPC3","TCFL5","CRK","RBM34","ITGB1BP1","ACLY","RAD51C","SMC1A","YME1L1","ACAA1","HSPA8","CCNB1","WFS1","UBE3B","NPDC1","ALDH7A1","NFATC3","PCNA","POLR2I","PSMB8","AKAP8L","PLEKHJ1","HAT1","G3BP1","TPD52L2","PIH1D1","PRKCQ","SHB","UTP14A","TSEN2","SUV39H1","LYPLA1","BIRC2","MAP2K5","PUF60","DHRS7","ARID5B","PAK1","CDC42","IGHMBP2","ADO","TCTN1","AKR7A2","PPP2R5E","LAMA3","CCNE2","FEZ2","IKBKAP","SGCB","ENOPH1","CNOT4","SNAP25","JMJD6","SLC35F2","ANO10","STUB1","PGAM1","BAD","PSMD10","RAB11FIP2","FPGS","RNH1","ATG3","NCK1","CFLAR","HEATR1","WDR7","AKAP8","SLC1A4","GRWD1","STAT1","FOXJ3","MTERFD1","CHIC2","USP7","NOSIP","DLD","IDE","CD40","PRPF4","MELK","DAXX","SMAD3","OXA1L","SNX7","CDCA4","TBC1D9B","CDC20","NARFL","DDX42","IKBKE","CCL2","WDTC1","PLSCR3","H2AFV","NUSAP1","FAM69A","SRC","BMP4","XPO7","FAIM","PXMP2","TIMM17B","STXBP2","MNAT1","HPRT1","RRS1","ADAT1","SCAND1","MFSD10","COPS7A","FIS1","NUDT9","CSRP1","METRN","TCTA","TLK2","KIAA1033","DNAJB6","TLR4","HMGCS1","SPRED2","MAP7","CHAC1","GNAS","TEX10","ZNF586","IKZF1","APBB2","RNF167","EPHA3","TXNDC9","VGLL4","CASP10","YTHDF1","LSM5","ZMYM2","CHMP6","CASP7","PIGB","CHEK2","ACD","SUPV3L1","GPATCH8","TGFBR2","NOTCH1","SHC1","ARPP19","RTN2","NPEPL1","SIRT3","UBQLN2","DMTF1","CLPX","TXNL4B","PRR15L","ST6GALNAC2","ADH5","GOLT1B","PPOX","CANT1","HOMER2","CLTB","PHKA1","CYCS","MAP4K4","PAN2","PPIC","EIF5","GNAI1","TM9SF3","CCDC86","SLC25A14","TBXA2R","FBXO11","HERPUD1","RPL39L","BPHL","MAPKAPK3","MBOAT7","PNKP","SLC35A3","LSR","MEF2C","KDM5A","FAM63A","RAB4A","IFRD2","BACE2","LYN","ISOC1","DUSP3","MOK","PPP1R13B","DNAJB2","CERK","LAP3","MAPKAPK5","HDGFRP3","PRKCH","RAB21","PSIP1","CREB1","MBNL2","PACSIN3","MTA1","MACF1","CCNA1","HIST1H2BK","PCCB","STAP2","PMM2","HSD17B11","FBXL12","WDR61","FAS","CENPE","CREG1","PRR7","TMEM110","ZNF589","BAX","CNDP2","TNIP1","P4HTM","REEP5","BZW2","CGRRF1","AMDHD2","PEX11A","GFOD1","PECR","SOCS2","ZDHHC6","ITGAE","TMEM5","ATP5S","NGRN","HOXA5","GRN","NUP85","GTPBP8","PTK2","EPN2","CCDC90A","KIAA0528","MRPS16","RPS5","NOL3","NR1H2","PLS1","DUSP22","RPS6KA1","DCK","TRIM2","SNCA","VPS28","LRRC16A","CHP","NR2F6","EXOSC4","PDLIM1","CRELD2","RRP12","ACAT2","THAP11","CEBPD","MAST2","DHDDS","GADD45B","KIAA0355","DYNLT3","CHMP4A","IPO13","ITFG1","SPP1","HYOU1","FOS","MCOLN1","ID2","KCNK1","AXIN1","RAI14","DNAJC15","HOXA10","CASP2","CTNND1","ZNF131","HOOK2","ERBB2","INTS3","RFNG","MICALL1","KLHL21","TLE1","FZD7","COG2","MRPS2","KCTD5","CNPY3","ADAM10","CD58","KIF5C","HMG20B","PIN1","LAGE3","TNFRSF21","KIF14","DUSP6","CYB561","HTRA1","WASF3","TSPAN6","FBXO21","PPP2R3C","ADRB2","GRB10","MMP1","ZW10","CORO1A","XPNPEP1","MAMLD1","DSG2","SLC27A3","CD97","IL13RA1","AGL","CDC25B","GATA3","RPA3","TES","SPR","RELB","EPHB2","RPIA","GPR56","NVL","CHEK1","ME2","PDGFA","WDR67","RFC2","TIMM9","ORC1","PARP2","FASTKD5","PTPLAD1","MSRA","SYNE2","UBE3C","CCDC92","CXCL2","TIMM22","ATF5","NSDHL","ADI1","ADCK3","GDPD5","TARBP1","RBKS","KDM3A","BID","MTF2","HLA.DRA","PIK3C2B","SLC25A46","CDK19","KIAA0753","KAT6B","CHN1","MAPK13","UFM1","GNA15","IARS2","GATA2","RALGDS","NRIP1","CCNB2","RNPS1","SATB1","ARID4B","GSTZ1","SESN1","SPEN","PFKL","PDHX","DENND2D","CTTN","UBR7","GRB7","CD44","VAV3","ABHD6","MAPKAPK2","CAB39","TIAM1","DNM1L","DERA","PTPRK","HERC6","MKNK1","ACOT9","ST3GAL5","CTNNAL1","ABHD4","INPP4B","ZMIZ1","PPARG","RPP38","CAST","BAG3","GNA11","TOR1A","SLC25A13","TSPAN4","NR3C1","TRIB3","PHF15","CXCR4","FKBP14","CIAPIN1","COG7","TUBB6","ABL1","CCNF","HSPA1A","FAM57A","EVL","GPER","EAPP","EXT1","POLE2","PLCB3","C2CD2","ANKRD10","DDX10","CEP57","RAB31","ABCC5","RFC5","HES1","KLHL9","UBE2J1","SLC37A4","PLK1","NPRL2","PWP1","PLEKHM1","VAT1","KIF20A","CDH3","SSBP2","SNX11","SFN","RFX5","PKIG","FSD1","ATP6V1D","CDC45","EDEM1","MYLK","USP6NL","NT5DC2","CCP110","STK10","UGDH","SQRDL","HEBP1","FGFR4","CDKN2A","ATP11B","CD320","CDKN1B","MLLT11","CEBPZ","GAPDH","CBR3","Output"
0.87,0,0,0,0,1.26,3.54,0,0,0,0,-0.13,0.875,0,0,0,0.91,0,0,2.99,0,0,-0.56,0,0,0,-0.86,0,-2.98,0,0.84,0,1.02,0,1.01,0,0,0,0,1.19,0,-2.36,0,0,0.17,0,1.33,0,0,0,-0.54,0,0,0,-0.6,0,0,0,1.38,0,1.29,-0.19,0,0,0,0,0,0,0,0,0,0.04,0,0,0,0,0,0,0,0,2.21,0,-0.81,0.37,1.74,0,0,0.54,0,0,1.31,0.07,0,1.02,-1.75,0.15,-2.32,0,0,-0.47,-1.59,0.47,0,0.09,0,0,0,0,0,0.22,0,0,0,0,0,0,-1.11,0,0.825,-2.38,-0.635,1.715,0,0,0,0.41,0.11,0.81,-0.92,-2.09,0,0,0,-0.07,0.09,0,-0.65,0,0,0,-2.58,0,0,0,0,7.04,0,0,0,0.57,0,0,0,0,-0.93,-0.565,0,0.87,0,0,-0.175,-0.03,0,-0.69,0,-0.22,0,-2.01,0,0,0,0,0,0.26,0.256666666666667,-0.74,0,0,0,0,0,0,0,-0.67,-0.75,0,-1.34,0,-1.4,0,0,2.12,0.25,0,0,0,0,0,-0.78,0,0,2.29,-2.69,0,0,0,0,-0.236666666666667,0,0,3.67,0,-0.82,-0.52,0,0,0.36,0,0,0,-1.07,0,0.306666666666667,0.99,1.88,-1.2,0.18,0,0,0,0,0,0,1.2,0,0,0,0,-0.405,0,0,0.72,0,0.9,0.81,4.2,-0.31,0,2.015,-2.57,0.07,-2.64,0.52,0,0,-0.71,0,0,-0.6,-2.56,-2.67,0,0,0,0,0,0,0,-0.33,0,0,0,0,0,0,0,1.53,0,0,0,0,-1.07,0,2.8,0,0,0,0,0,0,0,0,0,-0.42,-0.33,-0.37,0,0,-0.23,0,0.11,0.46,0,0.06,-0.85,0.2,-1.535,-0.41,-0.08,0,0,0,0,0,0.2,1.47,2.41,0,0,-0.08,0,1.07,0.185,0,0,0,0,0,-2.67,2.65,1.3,0,0,0,0.643333333333333,0,0,0,0,0,0,1.82,0,1.09,0,-1.54333333333333,0,0,0,1.455,0,0,-1.07,0.81,0,0.05,0,0,0,0,0,0,1.08,0,0,0,0,-0.38,-0.37,0.735,-0.5,0,0,0.42,-0.5,0,0,0,0,-0.14,0,0.466666666666667,0,0,0,0,-1.08,0.05,0,0.57,0,0,0.41,0,0,0,-0.3025,2.1,0.965,1.19,0,0,0,0,0,0,0.89,0,0,0,0,0.35,-1.73,-1.04,-1.955,0,-4.33,-0.34,-1.52,0,0,0,0,-0.06,0,0,0.05,0.3,0,2.02,0,0.28,0,0,0.445,0,-0.28,0,0,0,-0.83,0,-3.22,0,0,0.33,0,0,0,-0.635,-2.46,0,0,0,0,-1.35,0,0,1.43,0,0,0,0,0,0.1375,0,0,-0.02,1.74,0,0.18,-0.31,-0.28,0,-0.17,0,0,0,1.3,0,-1.22,0,-1.88,0,0.09,-5.24,-0.383333333333333,0,0.72,0,0.75,0,0,-1.56,1.39,1.21,2.415,-0.37,3.63,0.23,0,1.01,0,0,0,0,-0.77,0,-1.145,0,0,0,0,0,0.605,0,0,0,0,0,0,0.91,0,0.68,0,0.75,-2.54,0,0,0,0,0,0,-0.42,-2.14,0,-1.05,0,0,0,0.04,-0.19,0,0,-2.385,0,0,1.05,-0.63,-1.66,0,0,-0.37,1.46,0,0,0,0,0.39,0,1.62,0,0,0,1.33,0.74,0,0.925,0,0,0,1.02,-1.67,0,0,0.77,0,0,0,0,-0.86,0,-1.22,-0.09,0,0,0,1.6,0,0,0,0,0,0,0,0,0,0,0,0,0,0,0,-0.32,0,-0.86,0,0.06,0,0,0,-0.17,0,0,0,0,0,-0.3,0,0,0,0,0.06,-0.14,0,0.78,0,0,2.55,-0.46,0,0,2.84,0.74,0.91,0,0,1.09,0,-1.13,0.725,-0.92,0.78,0,0.05,0.3,0,-0.79,0,2.375,0,0.94,0,0,2.05,0,0,-1.1,0,0,1.05,0,0,0,0,0.78,0,-3.41,-0.2,0,0,-1.185,0.05,0,0,0,-0.77,0,0,0.85,-1.125,0,-1.9,0,0.72,0,-0.07,0,3.41,0,0,0,-0.69,0.065,0,0.16,0,0,0,1.59,0,1.41,-3.335,0,3,0,0,0.56,0,-0.07,1.08,0,-2.74,0,0,0,0,0,0,0,0,0,0,0,-0.26,0,0,0,-0.9,0,0,0,0,0,0,0,0,0,0,0,0,-0.29,-1.49,0.71,0,0,0,0,0,0,-0.65,-2.23,0.87,-1.09,0,0,-2.06,0,0,0,-1.465,0,0,0,3.2,3.12,1.01,0,0,0,0,1.39,0,0,0,0,0,0,0,0,0.144,-1.64,0,0,0,0,0,0,0.38,-0.46,0,0,-1.32,0,0.75,-0.94,-1.83,0.15,0,0,-1.02,0.445,0,0.92,0,0,0.3,1.45,-2.63,-0.57,0,0,1.64,-3.43,0,0,0,-0.53,0,-0.21,0.83,0,0,-0.77,0,0,1.82,0,0,0,0,0,0,0,-5.66,0.49,0,1.48,-0.2,0,0,0,0,0,0,0,0,0,0,-0.76,0,0,0,0,0,5.41,0,0,0,0.7,-1.4,0,-0.86,0,0,-0.395,1.24,0,0,0,1.56,1.6,0,0,0,0,0.8,0.86,0,0,0,-0.34,0,0.33,0,0.66,0.9,0,0,0,0.43,0,0,0,-0.11,0,0,-1.825,0,0.465,0.16,0.8,0,-1.51,-2.79,0,0,0,0,0,0,3.48,0,1.29,-0.24,0,0,0,0,0,0,0,0,-0.43,0.49,0.31,0,0,0,0,1.6,0,0,0,-1.09,0.29,0,-1.195,-1.31,1.125,0,-0.085,0,0.29,0.41,0,-0.44,0,0.1,-3.28,0,-4.74,0.39,-2,0,0,0,0,0,0.16,-1.25,0,0.0475,-3.5,-2.99,0,0,-5.49,0,0,0,1.07,0,-1.38666666666667,-1.44,0,0,0,"colorectal cancer"
-1.43,0,0,0,0,-2.18,-1.54,0,0,0,0,-2.36,-2.09,0,0,0,-2.52,0,0,-2.08,0,0,0.315,0,0,0,-0.65,0,0.7,0,-1.55,0,-0.305,0,0.4,0,0,0,0,-1.11,0,0.85,0,0,-1.14,0,-2.53,0,0,0,0.46,0,0,0,-0.69,0,0,0,-1.72,0,-2.11,-1.495,0,0,0,0,0,0,0,0,0,-0.71,0,0,0,0,0,0,0,0,-2.28,0,-1.94,0.1,-1.17,0,0,-4.31,0,0,-0.82,-1.77,0,-0.25,-0.21,-1.62,0.92,0,0,-0.35,0.69,-1.77,0,-0.55,0,0,0,0,0,0.57,0,0,0,0,0,0,-2.47,0,0.14,1.96,-1.745,-2.61,0,0,0,1,-0.84,-1.08,1.36,-0.42,0,0,0,-0.5,-0.91,0,-0.71,0,0,0,0.31,0,0,0,0,0.48,0,0,0,-3.42,0,0,0,0,0.6675,-4.155,0,-1.01,0,0,-2.495,-1.12,0,-3.45,0,-1.18,0,3.26,0,0,0,0,0,-2.285,-1.38333333333333,-1.88,0,0,0,0,0,0,0,-0.41,-2.24,0,-0.02,0,-1.18,0,0,3.15,-0.65,0,0,0,0,0,-2.175,0,0,-2.53,2.45,0,0,0,0,1.89666666666667,0,0,-0.88,0,-3.29,-1.34,0,0,-0.08,0,0,0,-1.54,0,-0.686666666666667,-3.33,-2.73,-2.67,0.24,0,0,0,0,0,0,0.63,0,0,0,0,-2.225,0,0,-1.98,0,-0.78,-0.0750000000000001,-1.42,4.25,0,-1.9,0.55,-1.5,0.78,-0.49,0,0,0.26,0,0,1.26,1.105,2.97,0,0,0,0,0,0,0,-0.13,0,0,0,0,0,0,0,-1.94,0,0,0,0,0.975,0,2.06,0,0,0,0,0,0,0,0,0,-0.59,-1.655,-1.17,0,0,-0.3,0,-3.96,-1.31,0,-1.36,0.375,2.67,1.06,-0.19,-0.58,0,0,0,0,0,-0.415,1.47,0.93,0,0,-2.01,0,-0.07,-0.525,0,0,0,0,0,0.52,1.66,-1.11,0,0,0,0.186666666666667,0,0,0,0,0,0,0.9,0,-0.9,0,-0.593333333333333,0,0,0,-0.535,0,0,-0.97,-0.57,0,-0.88,0,0,0,0,0,0,0.83,0,0,0,0,-1.33,0.49,-1.79,0.16,0,0,1.71,-3.3,0,0,0,0,0.74,0,-0.703333333333333,0,0,0,0,-1.55,-1.24,0,-1.35,0,0,1.55,0,0,0,-1.245,-0.38,-0.235,-0.93,0,0,0,0,0,0,1.16,0,0,0,0,-1.87,-1.13,-3.29,-1.725,0,2.38,0.795,-1.4,0,0,0,0,2.02,0,0,-5.58,-2.28,0,2,0,-1.135,0,0,-0.485,0,-0.47,0,0,0,0.16,0,2.785,0,0,0.08,0,0,0,-0.79,0.48,0,0,0,0,1.27,0,0,-0.1,0,0,0,0,0,-0.3275,0,0,0.16,-1.21,0,1.12,-0.36,3.58,0,-0.65,0,0,0,-0.02,0,-1.68,0,-0.05,0,0.97,-0.84,0.493333333333333,0,-2.06,0,1.86,0,0,-3.18,-2.95,-1.14,2.325,-0.65,-0.085,1.44,0,0.67,0,0,0,0,-0.82,0,-0.82,0,0,0,0,0,-0.455,0,0,0,0,0,0,-3.38,0,0.86,0,-1.17,-0.5,0,0,0,0,0,0,0.14,0.15,0,-0.51,0,0,0,-2.65,0.95,0,0,0.635,0,0,1.17,1.45,0.9425,0,0,-0.6,-0.5,0,0,0,0,-0.7,0,1.07,0,0,0,-1.12,0.95,0,-0.255,0,0,0,-1.71,0.58,0,0,-0.696666666666667,0,0,0,0,0.88,0,0.58,-0.44,0,0,0,2.01,0,0,0,0,0,0,0,0,0,0,0,0,0,0,0,0.04,0,1.68,0,-0.723333333333333,0,0,0,-2.98,0,0,0,0,0,-1.85,0,0,0,0,1.26,0.67,0,-1.2,0,0,1.91,0.97,0,0,0.32,-2.4,-0.51,0,0,-0.52,0,0.57,-1.445,0.58,-4.2,0,-1.14,-0.93,0,0.09,0,1.18,0,-1.6,0,0,0.63,0,0,-0.295,0,0,1.56,0,0,0,0,0.68,0,-1.93,1.07,0,0,-0.59,-0.97,0,0,0,-2.39,0,0,-1.93,0.24,0,-1.87,0,0.79,0,2.71,0,1.89,0,0,0,-0.79,0.335,0,-0.72,0,0,0,-1.46,0,-1.13,2.28,0,-0.23,0,0,1.75,0,0.06,1.63,0,-1.01,0,0,0,0,0,0,0,0,0,0,0,-2.48,0,0,0,-1.94,0,0,0,0,0,0,0,0,0,0,0,0,-2.48,4.13,-2.175,0,0,0,0,0,0,0.04,-2.64,-0.4,-1.53,0,0,0.01,0,0,0,0.8,0,0,0,5.65,-0.11,-1.67,0,0,0,0,0.92,0,0,0,0,0,0,0,0,-0.19,-0.5,0,0,0,0,0,0,-0.12,0.62,0,0,-0.19,0,1.03,0.75,0.96,1.72,0,0,-0.98,2.27,0,-2.21,0,0,-0.85,-0.55,0.1,-1.4,0,0,0.05,-0.37,0,0,0,2.06,0,-0.73,2.17,0,0,-1.15,0,0,0.515,0,0,0,0,0,0,0,-0.78,-1.355,0,0.4,0.92,0,0,0,0,0,0,0,0,0,0,-0.25,0,0,0,0,0,0.73,0,0,0,-0.73,0.5,0,-0.17,0,0,-0.68,1.62,0,0,0,0.67,0.74,0,0,0,0,-0.84,-0.77,0,0,0,0.09,0,0.22,0,-1.63,3.07,0,0,0,0.21,0,0,0,-1.25,0,0,-0.915,0,-2.425,-1.77,0.11,0,-0.17,1.12,0,0,0,0,0,0,-5.26,0,0.345,-1.22,0,0,0,0,0,0,0,0,0.99,-0.485,1.63,0,0,0,0,2.39,0,0,0,-0.52,0.59,0,1.165,-4.50333333333333,-1.415,0,-0.965,0,-0.58,-3.58,0,-1.48,0,-2.38,0.17,0,-1.48,-0.645,-6.35,0,0,0,0,0,0.82,-1.88,0,-0.2475,1.85,0.47,0,0,0.06,0,0,0,-0.1,0,-0.57,-0.12,0,0,0,"colorectal cancer"
-0.59,0,0,0,0,-0.55,0.77,0,0,0,0,-2.98,0.935,0,0,0,-3.37,0,0,1.66,0,0,1.13,0,0,0,1.17,0,1.69,0,-0.01,0,0.675,0,0.19,0,0,0,0,-0.68,0,0.97,0,0,-1.1,0,-0.97,0,0,0,0.8,0,0,0,-1.28,0,0,0,-0.11,0,-2.06,-0.125,0,0,0,0,0,0,0,0,0,0.64,0,0,0,0,0,0,0,0,1.09,0,1.02,-0.36,0.95,0,0,0.31,0,0,1.02,-1.91,0,-4.34,0.89,-0.74,2.87,0,0,3.27,1.35,-1.96,0,3.42,0,0,0,0,0,-1.585,0,0,0,0,0,0,-1.92,0,-0.22,-1,-5.31,-1.465,0,0,0,-3.5,-0.34,-0.17,-1.43,-1.64,0,0,0,-1.24,-1.34,0,-0.24,0,0,0,1.45,0,0,0,0,1.57,0,0,0,0.36,0,0,0,0,1.32,0.025,0,-0.76,0,0,-1.855,-1.17,0,-4.83,0,-6.79,0,1.47,0,0,0,0,0,1.635,-0.636666666666667,-0.82,0,0,0,0,0,0,0,0.21,-4.93,0,-1.05,0,2.27,0,0,1.59,1.06,0,0,0,0,0,0.345,0,0,-2.25,-2.395,0,0,0,0,-0.146666666666667,0,0,1.72,0,-1.29,0.4,0,0,-0.76,0,0,0,-1.37,0,0.0833333333333333,-5.64,-0.55,-2.79,0.96,0,0,0,0,0,0,0.22,0,0,0,0,-0.24,0,0,-1.45,0,3.76,-1.975,-0.16,4.06,0,0.985,1.22,-1.03,0.51,1.19,0,0,-0.24,0,0,3.12,1.03,-0.74,0,0,0,0,0,0,0,0.72,0,0,0,0,0,0,0,-0.81,0,0,0,0,0.05,0,0.57,0,0,0,0,0,0,0,0,0,-2.09,-0.66,-2.3,0,0,-0.05,0,-1.07,1.1,0,0.1,-0.622,0.51,-2.745,-0.47,-1.37,0,0,0,0,0,-1.38,1.02,-0.64,0,0,-0.33,0,-2.03,-0.795,0,0,0,0,0,1.47,-3.83,0.725,0,0,0,-0.653333333333333,0,0,0,0,0,0,-1.12,0,-0.3,0,-0.556666666666667,0,0,0,-2.9,0,0,-0.16,0.03,0,-0.695,0,0,0,0,0,0,-0.09,0,0,0,0,-1.8,0.82,-1.185,-2.77,0,0,-4.78,-0.06,0,0,0,0,-0.21,0,-0.103333333333333,0,0,0,0,-2.46,-0.88,0,-1.25,0,0,-0.59,0,0,0,-0.0825,-1.19,-1.785,-0.23,0,0,0,0,0,0,2.16,0,0,0,0,-1.02,-2.15,-2.97,1.445,0,-0.75,-1.165,-0.35,0,0,0,0,0.52,0,0,-1.15,-0.37,0,0.28,0,-1.07,0,0,-0.015,0,-1.24,0,0,0,0.85,0,-2.85,0,0,0.6,0,0,0,-0.01,1.56,0,0,0,0,-0.18,0,0,0.23,0,0,0,0,0,-0.3975,0,0,2.1,-0.14,0,2.27,3.06,-3.7,0,0.95,0,0,0,0.14,0,-5.77,0,1.18,0,1.65,-1.22,-0.113333333333333,0,-3.59,0,1.06,0,0,-2.29,0.31,1.35,-0.73,-0.17,-0.1,-0.86,0,1.69,0,0,0,0,0.21,0,-1.56,0,0,0,0,0,0.015,0,0,0,0,0,0,1.21,0,-1.64,0,0.02,0.57,0,0,0,0,0,0,1,0.31,0,1.06,0,0,0,3.02,-0.79,0,0,-1.395,0,0,-0.37,1.95,-0.4025,0,0,2.29,-1.74,0,0,0,0,-0.16,0,0.22,0,0,0,2.32,1.19,0,-0.335,0,0,0,-1.41,1.49,0,0,-0.386666666666667,0,0,0,0,0.98,0,1.6,0.86,0,0,0,-0.97,0,0,0,0,0,0,0,0,0,0,0,0,0,0,0,0.71,0,-0.635,0,-0.0766666666666667,0,0,0,-0.64,0,0,0,0,0,-3.39,0,0,0,0,-0.72,-0.35,0,-1.24,0,0,2.92,0.48,0,0,-0.505,-3.38,0.76,0,0,-1.29,0,-2.47,-1.015,0.87,-0.24,0,-1.11,-0.27,0,0.08,0,-6.545,0,2.43,0,0,0.62,0,0,1.07,0,0,1.53,0,0,0,0,-1.64,0,-0.02,1.76,0,0,0.925,-0.19,0,0,0,-1.56,0,0,-0.03,0.04,0,-4.2,0,0.26,0,-0.01,0,0.675,0,0,0,4.49,-2.415,0,-1.07,0,0,0,0.43,0,-0.26,-0.015,0,0.16,0,0,-0.23,0,1.28,-0.0099999999999999,0,0.01,0,0,0,0,0,0,0,0,0,0,0,-1.4,0,0,0,-1.66,0,0,0,0,0,0,0,0,0,0,0,0,-1.24,-0.85,-2.17,0,0,0,0,0,0,-3.18,-0.49,-2.99,-0.67,0,0,0.83,0,0,0,1.405,0,0,0,-4.2,-2.28,-1.83,0,0,0,0,-1.18,0,0,0,0,0,0,0,0,0.648,-0.41,0,0,0,0,0,0,0.17,-1.65,0,0,0.36,0,1.66,1,-0.91,2.18,0,0,1.79,0.865,0,-1.24,0,0,0.04,0.08,1.76,-0.525,0,0,0.67,0.92,0,0,0,-0.57,0,-0.26,0.17,0,0,-6.4,0,0,1.855,0,0,0,0,0,0,0,-0.77,1.115,0,3.08,1.825,0,0,0,0,0,0,0,0,0,0,1.1,0,0,0,0,0,0.79,0,0,0,-1.62,-0.11,0,0.44,0,0,-0.16,-0.41,0,0,0,-1.45,1.51,0,0,0,0,-1.45,1.06,0,0,0,0.21,0,0.96,0,-1.3,0.52,0,0,0,-0.4,0,0,0,-1.28,0,0,0.22,0,-0.82,0.15,-0.82,0,1.63,-0.36,0,0,0,0,0,0,-6.56,0,0.825,0.12,0,0,0,0,0,0,0,0,0.57,0.41,-0.2,0,0,0,0,2.88,0,0,0,0.79,2.93,0,1.46,-2.08,-2.885,0,-1.625,0,-0.29,0.09,0,-1.34,0,-0.92,-1.84,0,2.64,0.365,-0.53,0,0,0,0,0,2.93,0.7,0,0.955,-0.86,-0.36,0,0,2.1,0,0,0,0.36,0,-1.09666666666667,-0.8,0,0,0,"colorectal cancer"
-2.2,0,0,0,0,-0.22,3.76,0,0,0,0,-2.67,1.02,0,0,0,-1.07,0,0,-3.87,0,0,-0.05,0,0,0,0.76,0,0.31,0,1.13,0,0.715,0,-0.97,0,0,0,0,-0.6,0,2.09,0,0,-1.64,0,-0.49,0,0,0,1.38,0,0,0,0.22,0,0,0,0.93,0,-1.45,-0.915,0,0,0,0,0,0,0,0,0,-1.14,0,0,0,0,0,0,0,0,-1.72,0,1.61,-0.12,-2.51,0,0,-1.57,0,0,-4.74,-2.67,0,-1.73,2.21,-0.57,-0.74,0,0,-1.97,1.96,-6.05,0,-0.5,0,0,0,0,0,-1.355,0,0,0,0,0,0,-1.96,0,-0.26,0.23,-1.595,-2.65,0,0,0,-1.85,-0.39,0.84,-2.57,-1.42,0,0,0,1.48,-1.34,0,-0.26,0,0,0,1.93,0,0,0,0,3.38,0,0,0,-1.02,0,0,0,0,-0.00999999999999995,-0.895,0,-0.74,0,0,-0.85,-0.74,0,-8.24,0,-1.34,0,1.39,0,0,0,0,0,-1.27,-1.45666666666667,-1.08,0,0,0,0,0,0,0,1.01,-7,0,0.75,0,-1.68,0,0,0.14,2.14,0,0,0,0,0,2.01,0,0,0.7,-1.205,0,0,0,0,-0.99,0,0,-1.51,0,0.18,0.37,0,0,-1.4,0,0,0,0.19,0,0.466666666666667,-7.03,0.6,-8.04,2,0,0,0,0,0,0,0.34,0,0,0,0,-0.725,0,0,-1.62,0,0.26,-0.785,-0.37,-0.47,0,-0.385,2.47,1.35,3.14,-0.25,0,0,0.7,0,0,-0.75,-0.53,-0.22,0,0,0,0,0,0,0,-0.23,0,0,0,0,0,0,0,-3.06,0,0,0,0,-0.265,0,1.25,0,0,0,0,0,0,0,0,0,-1.45,-0.54,-6.66,0,0,0.54,0,-1.22,-2.33,0,-0.18,0.93,0.79,1.55,0.43,2.36,0,0,0,0,0,2.125,0.43,-1.56,0,0,-3.93,0,0.55,-1.035,0,0,0,0,0,1.63,0.25,0.285,0,0,0,-0.2,0,0,0,0,0,0,1.09,0,1.86,0,1.01666666666667,0,0,0,-0.61,0,0,-0.61,2.96,0,0.28,0,0,0,0,0,0,4.17,0,0,0,0,-2.3,-0.13,-1.435,-1.15,0,0,1.78,0.82,0,0,0,0,-1.91,0,2.43666666666667,0,0,0,0,-6.76,-2.57,0,-1.59,0,0,-0.48,0,0,0,0.12,-2.32,0.485,-0.37,0,0,0,0,0,0,-0.73,0,0,0,0,0.24,2.34,-1.13,-4.765,0,4.78,0.27,-2.17,0,0,0,0,1.39,0,0,-1.88,-0.75,0,0.92,0,-1.005,0,0,-1.075,0,0.68,0,0,0,-0.54,0,-0.32,0,0,6.2,0,0,0,-1.735,1.91,0,0,0,0,-2.47,0,0,1.1,0,0,0,0,0,0.3275,0,0,-0.71,1.18,0,2.95,-2.425,-0.58,0,-1.48,0,0,0,0.715,0,-0.58,0,1.77,0,0.87,-1.69,2.81,0,-6.06,0,1.72,0,0,-0.4,-4.41,-1.89,-2.265,0.84,-0.555,-0.36,0,0.68,0,0,0,0,1.55,0,-0.12,0,0,0,0,0,-0.335,0,0,0,0,0,0,1.56,0,-1.57,0,-1.57,-4.85,0,0,0,0,0,0,-0.15,-0.735,0,0.85,0,0,0,-0.87,0.15,0,0,-0.44,0,0,3.3,3.45,3.08,0,0,6.28,0.43,0,0,0,0,-1.53,0,-2.3,0,0,0,-1.42,-0.96,0,-0.895,0,0,0,-3.83,-1.14,0,0,0.386666666666667,0,0,0,0,1.29,0,2.38,0.02,0,0,0,-3.25,0,0,0,0,0,0,0,0,0,0,0,0,0,0,0,1.3,0,1.325,0,0.376666666666667,0,0,0,0.76,0,0,0,0,0,1.47,0,0,0,0,-0.63,-1.56,0,-2.7,0,0,1.65,0.62,0,0,0.895,-0.225,1.18,0,0,-1.51,0,0.49,-1.05,0.18,0.71,0,-1.22,-0.63,0,3.1,0,-1.275,0,-0.08,0,0,0.22,0,0,-0.355,0,0,-1.81,0,0,0,0,-3.17,0,1.11,2.05,0,0,2.165,-1.06,0,0,0,-5.2,0,0,-0.18,2.31,0,0.98,0,0.29,0,1.73,0,-0.06,0,0,0,2.51,-1.395,0,-2.34,0,0,0,1.56,0,-0.57,-2.335,0,0.64,0,0,0.52,0,2.59,1.615,0,-1.54,0,0,0,0,0,0,0,0,0,0,0,-2.81,0,0,0,0.055,0,0,0,0,0,0,0,0,0,0,0,0,-7.38,0.23,-0.545,0,0,0,0,0,0,-0.35,-2.12,-2.08,-0.63,0,0,2.67,0,0,0,0.875,0,0,0,2.29,2.19,-1.63,0,0,0,0,3.15,0,0,0,0,0,0,0,0,0.082,0.59,0,0,0,0,0,0,-0.61,-0.28,0,0,-1.7,0,1.44,0.83,0.98,0.6,0,0,0.17,-0.945,0,-0.57,0,0,-1.05,1.64,3.95,-0.085,0,0,-0.29,2.1,0,0,0,-0.54,0,-1.09,-1.74,0,0,0.25,0,0,1.31,0,0,0,0,0,0,0,-1.49,1.24,0,-0.94,2,0,0,0,0,0,0,0,0,0,0,0.58,0,0,0,0,0,-0.47,0,0,0,-1.15,0.09,0,-1.44,0,0,-0.845,1.19,0,0,0,-2.75,0.46,0,0,0,0,-2.73,0.59,0,0,0,2.75,0,-0.14,0,-0.46,3.31,0,0,0,-1.53,0,0,0,-3.88,0,0,0.665,0,0.34,-1.34,0.99,0,1.2,0.07,0,0,0,0,0,0,-0.92,0,-0.48,-0.43,0,0,0,0,0,0,0,0,2.25,0.01,0.21,0,0,0,0,-0.48,0,0,0,0.45,1.32,0,0.14,-3.75333333333333,-0.08,0,-4.34,0,1.30333333333333,2.92,0,0.01,0,-0.89,-2.54,0,0.31,-0.495,-1.07,0,0,0,0,0,0.67,0.24,0,0.9425,-0.83,2.8,0,0,2.3,0,0,0,3.27,0,-0.37,0.39,0,0,0,"colorectal cancer"
0.77,0,0,0,0,-2.39,7.1,0,0,0,0,1.02,-1.4,0,0,0,-2.13,0,0,5.55,0,0,0.555,0,0,0,1.02,0,-0.44,0,-0.07,0,-0.32,0,-0.42,0,0,0,0,0.51,0,-0.41,0,0,-2.26,0,0.84,0,0,0,-1.1,0,0,0,-1.59,0,0,0,-0.94,0,-1.3,-1.455,0,0,0,0,0,0,0,0,0,0.17,0,0,0,0,0,0,0,0,-0.4,0,2.5,0.13,0.13,0,0,0.05,0,0,-1.15,-1.44,0,1.36,-1.03,-0.83,-2.3,0,0,0.58,-0.74,1.26,0,-1.64,0,0,0,0,0,2.915,0,0,0,0,0,0,-4.6,0,0.095,2.04,-1.07,-0.485,0,0,0,-4.04,-1.93,0.9,-3.08,-2.1,0,0,0,0.84,0.38,0,-1.59,0,0,0,-0.47,0,0,0,0,-3.92,0,0,0,0.35,0,0,0,0,-0.2225,-1.785,0,-0.06,0,0,-0.35,4.8,0,-2.7,0,0.41,0,-0.92,0,0,0,0,0,-3.57,-1.39333333333333,0.98,0,0,0,0,0,0,0,-0.53,-2.26,0,2.14,0,-0.84,0,0,0.99,0.43,0,0,0,0,0,-1.275,0,0,-3.94,3.37,0,0,0,0,-0.233333333333333,0,0,5.36,0,-0.9,2.94,0,0,-1.63,0,0,0,0.35,0,-2.09,-0.7,2.36,-2.08,-1.83,0,0,0,0,0,0,0.43,0,0,0,0,-0.0499999999999999,0,0,-2.17,0,-0.88,-0.36,-0.83,-3.8,0,1.685,-0.39,-0.66,3.63,0.87,0,0,-2.53,0,0,-1.05,0.135,-2.27,0,0,0,0,0,0,0,-0.83,0,0,0,0,0,0,0,-2.55,0,0,0,0,3.98,0,-0.9,0,0,0,0,0,0,0,0,0,-0.7,-0.76,-1.29,0,0,2.85,0,-1.21,2.12,0,1.47,0.023,1.6,3.485,-0.7,-1.91,0,0,0,0,0,-1.395,-0.36,-4.23,0,0,0.35,0,3.52,-0.025,0,0,0,0,0,-1.05,-1.12,1.755,0,0,0,0.23,0,0,0,0,0,0,6.26,0,0.65,0,-0.0566666666666667,0,0,0,-1.595,0,0,-1.37,-0.79,0,-2.895,0,0,0,0,0,0,1.12,0,0,0,0,-1.9,-0.83,0.125,-1.15,0,0,1.85,-0.58,0,0,0,0,-2.46,0,-0.876666666666667,0,0,0,0,-4.63,-2.9,0,-1.04,0,0,0.27,0,0,0,-1.895,-0.4,1.43,1.34,0,0,0,0,0,0,4.23,0,0,0,0,2.07,0.91,-3.72,-2.875,0,-1.23,-0.4,-2.85,0,0,0,0,1.36,0,0,-1.85,-1.4,0,0.76,0,-0.545,0,0,-0.065,0,0.19,0,0,0,-0.28,0,1.755,0,0,4.14,0,0,0,-1.26,-1.06,0,0,0,0,0.86,0,0,-0.95,0,0,0,0,0,-0.4775,0,0,-5.8,-3.21,0,0.27,1.41,-0.05,0,-1.91,0,0,0,-1.09,0,-0.4,0,-1.36,0,0.14,-0.05,-1.48333333333333,0,-0.85,0,-0.64,0,0,-0.58,1.03,2.05,-3.615,-0.71,1.89,-0.54,0,-3.22,0,0,0,0,4.295,0,-2.505,0,0,0,0,0,-0.25,0,0,0,0,0,0,1.59,0,1.81,0,-0.86,-3.07,0,0,0,0,0,0,2.11,-1.5,0,-2.26,0,0,0,1.91,1.15,0,0,-3.145,0,0,0.38,0.99,-0.93,0,0,2.32,2.7,0,0,0,0,0.72,0,1.42,0,0,0,0.03,0.25,0,-1.945,0,0,0,2.04,-0.78,0,0,0.653333333333333,0,0,0,0,-0.6,0,-1.29,-0.95,0,0,0,1.7,0,0,0,0,0,0,0,0,0,0,0,0,0,0,0,1.09,0,-1.815,0,-0.146666666666667,0,0,0,0.27,0,0,0,0,0,0.17,0,0,0,0,-3.57,-0.58,0,-0.61,0,0,0.75,3.4,0,0,-0.455,-2.095,-1.47,0,0,-2.13,0,-1.51,-3.005,-2.33,0.04,0,1.23,1.42,0,-0.55,0,2.25,0,-1.11,0,0,-0.12,0,0,0.05,0,0,-2.43,0,0,0,0,-0.39,0,-2.46,0,0,0,-1.005,1.59,0,0,0,-8.17,0,0,1.61,0.13,0,1.33,0,1.28,0,4.64,0,1.39,0,0,0,0.4,-1.3,0,-0.35,0,0,0,-1.17,0,-1.1,-0.0149999999999999,0,-1.8,0,0,-2.42,0,0.75,2.155,0,-0.12,0,0,0,0,0,0,0,0,0,0,0,0.36,0,0,0,2.295,0,0,0,0,0,0,0,0,0,0,0,0,0.11,7.02,-0.805,0,0,0,0,0,0,-0.37,-1.78,-1.83,-2.22,0,0,0.07,0,0,0,-0.34,0,0,0,4.19,1.8,-1.43,0,0,0,0,2.98,0,0,0,0,0,0,0,0,-0.906,-0.13,0,0,0,0,0,0,-0.79,3.26,0,0,0.9,0,-1.24,0.67,-3.33,2.54,0,0,3.15,0.555,0,-0.05,0,0,-0.68,-1.24,-0.69,0.5,0,0,-2.01,-0.97,0,0,0,0.45,0,0.05,1.81,0,0,-4.1,0,0,1.62,0,0,0,0,0,0,0,0.85,0.575,0,0.02,-0.115,0,0,0,0,0,0,0,0,0,0,-2.22,0,0,0,0,0,2.21,0,0,0,1.49,2.75,0,3.43,0,0,1.535,-2.8,0,0,0,-1.31,-1.33,0,0,0,0,-0.61,1.52,0,0,0,2.15,0,-1.16,0,-0.33,-1.53,0,0,0,-2.43,0,0,0,-0.84,0,0,-2.985,0,-0.185,-0.54,0.56,0,-1.32,-3.05,0,0,0,0,0,0,1.16,0,-3.83,1.85,0,0,0,0,0,0,0,0,1.77,-0.49,-2.04,0,0,0,0,-0.08,0,0,0,-3.31,1.32,0,-1.545,-2.96666666666667,0.88,0,1.71,0,-1.11666666666667,-2.31,0,-1.27,0,-0.79,-1.15,0,2.75,-0.39,-0.73,0,0,0,0,0,1,0.76,0,0.4675,0.56,-3.19,0,0,-1.17,0,0,0,2.36,0,-0.936666666666667,-0.24,0,0,0,"colorectal cancer"
1.5,0,0,0,0,-0.75,0.39,0,0,0,0,-2.35,0.25,0,0,0,-2.04,0,0,-0.45,0,0,0.485,0,0,0,-4.03,0,-1.93,0,-0.09,0,2.035,0,-1.38,0,0,0,0,-1.26,0,-0.68,0,0,0.32,0,1.7,0,0,0,0.33,0,0,0,2.79,0,0,0,3.06,0,1.43,0.43,0,0,0,0,0,0,0,0,0,0.26,0,0,0,0,0,0,0,0,0.04,0,-1.59,-4.68,1.01,0,0,1.81,0,0,0.91,0.05,0,0.06,-1.45,-0.79,0.3,0,0,0.01,-1.43,1.25,0,-3.86,0,0,0,0,0,-1.56,0,0,0,0,0,0,-2.21,0,-0.005,0.09,1.01,-0.305,0,0,0,-1.31,0.4,1.13,-0.16,-0.03,0,0,0,0.43,0.18,0,1.18,0,0,0,-0.83,0,0,0,0,-0.08,0,0,0,0.82,0,0,0,0,0.625,0.655,0,-0.75,0,0,-1.6,-1.43,0,-2.93,0,1.16,0,-1.86,0,0,0,0,0,-0.00500000000000012,0.303333333333333,1.88,0,0,0,0,0,0,0,2.39,-1.67,0,-1.84,0,-0.67,0,0,0.12,-0.43,0,0,0,0,0,0.405,0,0,-0.57,0.855,0,0,0,0,1.3,0,0,0.46,0,1.71,-0.02,0,0,-0.63,0,0,0,-0.91,0,-0.6,-0.37,-0.79,-1.99,0.71,0,0,0,0,0,0,1.2,0,0,0,0,0.38,0,0,0.33,0,-1.21,-0.015,-5.55,-2.42,0,-1.415,-1.46,0.08,-0.99,0.04,0,0,-0.41,0,0,1.27,0.115,0.32,0,0,0,0,0,0,0,1.21,0,0,0,0,0,0,0,2.19,0,0,0,0,0.3,0,-0.21,0,0,0,0,0,0,0,0,0,0.21,-0.48,-0.78,0,0,-0.07,0,-0.5,1.73,0,0.86,0.473,0.58,-2.835,-0.22,0.29,0,0,0,0,0,0.185,-0.78,0.45,0,0,1.23,0,4.16,-0.835,0,0,0,0,0,-1.84,-0.37,0.21,0,0,0,-0.333333333333333,0,0,0,0,0,0,-2.38,0,0.54,0,0.543333333333333,0,0,0,0.475,0,0,0.59,3.44,0,0.72,0,0,0,0,0,0,-1.8,0,0,0,0,0.7,-0.04,0.46,-0.51,0,0,1.12,0.99,0,0,0,0,1.93,0,1.50333333333333,0,0,0,0,0.09,-0.49,0,0.36,0,0,-1.53,0,0,0,-0.695,-0.4,-0.485,1.19,0,0,0,0,0,0,2.12,0,0,0,0,0.11,-1.84,-2.02,3.67,0,0.32,-1.73,-4.64,0,0,0,0,0.06,0,0,-0.51,1.63,0,0.49,0,0.3,0,0,-4.435,0,-0.51,0,0,0,0.3,0,-0.15,0,0,0.63,0,0,0,-0.99,-1.56,0,0,0,0,-0.03,0,0,0.87,0,0,0,0,0,0.5375,0,0,-1.42,0.1,0,-0.58,-2.46,-0.04,0,-3.2,0,0,0,0.535,0,3.13,0,-0.26,0,-0.44,-0.61,0.36,0,-1.4,0,-1.6,0,0,-0.87,1.38,0.1,0.11,-0.5,-0.285,-0.68,0,1.87,0,0,0,0,0.6,0,-1.395,0,0,0,0,0,-0.475,0,0,0,0,0,0,-0.17,0,1.92,0,-0.3,5.06,0,0,0,0,0,0,0.39,0.06,0,-0.26,0,0,0,0.9,0.15,0,0,0.225,0,0,2.92,0.56,-0.7825,0,0,-1.15,0.72,0,0,0,0,-0.62,0,2.9,0,0,0,0.51,0.775,0,0.775,0,0,0,0.53,1.78,0,0,1.87666666666667,0,0,0,0,0.71,0,-1.12,-1.2,0,0,0,0.78,0,0,0,0,0,0,0,0,0,0,0,0,0,0,0,-0.23,0,0.4,0,0.18,0,0,0,0.22,0,0,0,0,0,2.6,0,0,0,0,-0.22,0.58,0,0.22,0,0,1.14,2.26,0,0,0.67,-1.925,-3.44,0,0,-2.4,0,1.35,-2.405,-2.29,1.89,0,-2.12,1.67,0,2.02,0,1.215,0,1.18,0,0,1.61,0,0,0.665,0,0,-0.31,0,0,0,0,2.26,0,-2.12,-0.31,0,0,0.095,0.94,0,0,0,0.59,0,0,0.67,-1.005,0,-1.26,0,0.31,0,0.8,0,-0.34,0,0,0,1.53,-0.29,0,-0.49,0,0,0,-0.43,0,0.33,1.055,0,1.03,0,0,0.36,0,-1.73,-1.915,0,3.72,0,0,0,0,0,0,0,0,0,0,0,0.49,0,0,0,1.34,0,0,0,0,0,0,0,0,0,0,0,0,-1.25,1.32,-0.87,0,0,0,0,0,0,2.2,0.43,-0.91,-0.22,0,0,-1.76,0,0,0,-1.365,0,0,0,-3.57,0.72,-0.38,0,0,0,0,1.37,0,0,0,0,0,0,0,0,0.516,-0.56,0,0,0,0,0,0,-0.4,-1.05,0,0,-1.63,0,0.37,0.18,-0.76,2.08,0,0,-0.915,1.68,0,-1.46,0,0,-0.68,2.14,-0.75,0.815,0,0,-0.47,-1.79,0,0,0,-0.84,0,-5.51,2.19,0,0,-1.51,0,0,1.355,0,0,0,0,0,0,0,-0.03,1.065,0,0.74,-0.215,0,0,0,0,0,0,0,0,0,0,0.06,0,0,0,0,0,-0.64,0,0,0,-7.48,-1.41,0,1.05,0,0,-0.155,0.82,0,0,0,2.04,0.99,0,0,0,0,-0.26,0.64,0,0,0,-0.54,0,1.92,0,-0.59,0.74,0,0,0,0.63,0,0,0,-0.5,0,0,-0.215,0,-0.135,0.39,-0.63,0,7.18,-0.1,0,0,0,0,0,0,-1.59,0,0.54,-1.73,0,0,0,0,0,0,0,0,-0.13,0.16,1.77,0,0,0,0,2.41,0,0,0,2.8,-0.44,0,-2.04,-1.63333333333333,0.325,0,-2.785,0,-0.22,0.35,0,1.48,0,-0.04,-0.43,0,2.15,-0.44,-0.87,0,0,0,0,0,2.55,-0.82,0,2.315,1.45,-1.25,0,0,-0.74,0,0,0,-0.39,0,1.28333333333333,-1.52,0,0,0,"colorectal cancer"
1.07,0,0,0,0,-1.09,3.37,0,0,0,0,-1.46,0.06,0,0,0,-0.93,0,0,0.74,0,0,-1.355,0,0,0,4.06,0,-0.39,0,-0.38,0,5.8,0,-0.34,0,0,0,0,1.31,0,-0.12,0,0,-1.28,0,-3.22,0,0,0,-0.58,0,0,0,-1.58,0,0,0,-1.41,0,0.74,-0.195,0,0,0,0,0,0,0,0,0,0.9,0,0,0,0,0,0,0,0,-0.15,0,6.19,-1.01,-2.77,0,0,-0.66,0,0,-1.7,-1.45,0,-3.8,-1.75,-0.78,0.04,0,0,0.4,-0.23,1.58,0,0.47,0,0,0,0,0,-0.62,0,0,0,0,0,0,-1.39,0,0.03,2.61,-1.88,-1.35,0,0,0,-0.17,-5.45,2.28,-4.01,-0.94,0,0,0,-0.29,2.71,0,-1.94,0,0,0,0.68,0,0,0,0,-0.71,0,0,0,0.48,0,0,0,0,1.33,-0.395,0,-3.92,0,0,-1.865,1.23,0,-2.68,0,-1.42,0,0.67,0,0,0,0,0,-2.8,-0.35,-1.67,0,0,0,0,0,0,0,0.14,-3,0,-0.62,0,-0.07,0,0,2.02,-0.94,0,0,0,0,0,-0.55,0,0,-0.17,-0.77,0,0,0,0,1.06333333333333,0,0,-2.76,0,-2.26,-0.68,0,0,0.53,0,0,0,0.27,0,0.0533333333333333,-2.09,0.63,-2.47,4.49,0,0,0,0,0,0,6.28,0,0,0,0,-1.16,0,0,1.52,0,-1.02,0.12,6.11,2.84,0,0.035,0.1,-0.29,3.06,-2.35,0,0,-1.13,0,0,-6.25,-0.06,-0.03,0,0,0,0,0,0,0,0.9,0,0,0,0,0,0,0,1.08,0,0,0,0,1.46,0,-2.69,0,0,0,0,0,0,0,0,0,-5.87,1.13,-1.74,0,0,-0.02,0,-0.59,1.44,0,1,-0.998,-1.09,0.36,0.8,1.32,0,0,0,0,0,-4.575,-0.4,0.18,0,0,-0.5,0,0.27,-0.795,0,0,0,0,0,-0.32,0.33,0.55,0,0,0,0.853333333333333,0,0,0,0,0,0,-1.64,0,0.54,0,0.52,0,0,0,-0.525,0,0,-3.36,-2.55,0,-2.275,0,0,0,0,0,0,-0.48,0,0,0,0,-1.71,0,0.295,-0.74,0,0,-2.14,-3,0,0,0,0,-0.69,0,0.726666666666667,0,0,0,0,-7.37,-0.86,0,-0.82,0,0,-0.59,0,0,0,-0.1025,1.55,-2.765,0.65,0,0,0,0,0,0,-4.31,0,0,0,0,1.14,0.51,-0.57,-0.89,0,0.12,0.88,-0.62,0,0,0,0,1.16,0,0,-0.75,0.74,0,2.62,0,-1.16,0,0,-1.7,0,-0.94,0,0,0,1.52,0,1.275,0,0,1.5,0,0,0,-0.065,-0.49,0,0,0,0,-0.87,0,0,0.33,0,0,0,0,0,-0.065,0,0,2.34,0.59,0,1.02,0.305,1.22,0,-0.75,0,0,0,0.09,0,1.04,0,1.94,0,-1.78,-0.08,0.903333333333333,0,-2.44,0,-1.59,0,0,-2.68,1.59,-3.67,1.53,-0.05,0.635,0.38,0,1.67,0,0,0,0,-1.105,0,1.72,0,0,0,0,0,1.02,0,0,0,0,0,0,-0.1,0,-0.96,0,-0.18,-2.11,0,0,0,0,0,0,0.23,-0.405,0,-0.02,0,0,0,1.25,-1.04,0,0,0.295,0,0,-0.54,0.09,0.27,0,0,-0.56,0.1,0,0,0,0,-3.49,0,-0.91,0,0,0,0.57,0.66,0,0.415,0,0,0,0.55,-2.59,0,0,-1.20333333333333,0,0,0,0,-2.09,0,0.13,-1.19,0,0,0,-0.78,0,0,0,0,0,0,0,0,0,0,0,0,0,0,0,1.11,0,0.57,0,-0.7,0,0,0,0.58,0,0,0,0,0,1.02,0,0,0,0,0.79,-0.73,0,-1.32,0,0,3.32,0.19,0,0,1.515,-0.29,-1.83,0,0,-0.9,0,-0.46,-0.745,1.27,-0.43,0,1.73,2.19,0,-0.89,0,0.325,0,-0.94,0,0,3.11,0,0,-2.28,0,0,-0.87,0,0,0,0,0.78,0,1.01,-0.06,0,0,0.765,-0.93,0,0,0,-5.45,0,0,1.11,0.73,0,0.1,0,-9.72,0,2.58,0,-0.845,0,0,0,2.07,-1.195,0,-1.8,0,0,0,-6.29,0,-0.67,1.33,0,-0.29,0,0,3.08,0,0.05,0.705,0,-2.03,0,0,0,0,0,0,0,0,0,0,0,-0.69,0,0,0,-0.235,0,0,0,0,0,0,0,0,0,0,0,0,-0.28,1.85,-0.245,0,0,0,0,0,0,-1.33,4.2,-1.34,-0.35,0,0,-1.9,0,0,0,-0.13,0,0,0,0.79,-0.49,-0.45,0,0,0,0,3.15,0,0,0,0,0,0,0,0,1.016,0.33,0,0,0,0,0,0,-2.69,2.93,0,0,-0.07,0,-0.99,-0.88,-1.17,-1.52,0,0,0.795,-0.69,0,-0.66,0,0,-0.37,0,-0.13,-0.515,0,0,2.81,-1.01,0,0,0,0.18,0,-2,-1.32,0,0,2.31,0,0,0.455,0,0,0,0,0,0,0,1.34,-0.005,0,1.36,1.165,0,0,0,0,0,0,0,0,0,0,-0.48,0,0,0,0,0,0.08,0,0,0,-1.6,-0.04,0,1.11,0,0,-0.325,2.08,0,0,0,-3.02,-0.95,0,0,0,0,-0.49,0.81,0,0,0,-1,0,0.69,0,-0.48,-1.14,0,0,0,-2.21,0,0,0,-1.53,0,0,-1.47,0,1.255,-1.37,0.86,0,-4.11,-1.06,0,0,0,0,0,0,-2.48,0,-0.605,-0.99,0,0,0,0,0,0,0,0,1.36,1.68,0.16,0,0,0,0,-3.5,0,0,0,-2.08,-0.52,0,-1.505,-2.21,-3.44,0,-0.385,0,0.38,-0.55,0,-1.24,0,-2.77,0.92,0,-1.43,-0.605,2.79,0,0,0,0,0,-1.24,-1.2,0,0.055,0.37,-1.25,0,0,0.64,0,0,0,-0.54,0,-0.0166666666666667,-1.27,0,0,0,"colorectal cancer"
1.55,0,0,0,0,-0.01,-0.86,0,0,0,0,0.99,-0.32,0,0,0,0.32,0,0,0.28,0,0,-1.575,0,0,0,-0.19,0,-1.62,0,-0.55,0,1.025,0,-0.23,0,0,0,0,1.18,0,-0.84,0,0,0.7,0,3.59,0,0,0,-0.58,0,0,0,-1,0,0,0,0.33,0,0.1,1.58,0,0,0,0,0,0,0,0,0,-0.44,0,0,0,0,0,0,0,0,1.98,0,1.2,1.68,1.05,0,0,1.09,0,0,1.15,-0.76,0,-0.39,-0.29,-0.16,-2.1,0,0,-4.05,-0.89,-0.02,0,2.89,0,0,0,0,0,-0.89,0,0,0,0,0,0,-0.31,0,0,-0.4,0.72,1.525,0,0,0,-0.66,0.41,0.82,-0.67,-0.74,0,0,0,-0.99,-0.7,0,-0.94,0,0,0,0.06,0,0,0,0,-0.2,0,0,0,-0.73,0,0,0,0,2.265,-1.01,0,-2.63,0,0,1.755,0.6,0,-3.03,0,-0.46,0,0.31,0,0,0,0,0,-1.29,0.416666666666667,1.04,0,0,0,0,0,0,0,1.61,-2.98,0,0.41,0,0.77,0,0,3.02,-0.16,0,0,0,0,0,-0.61,0,0,-4.07,1.24,0,0,0,0,-0.00333333333333335,0,0,1.37,0,2.06,2.3,0,0,-2.17,0,0,0,1.16,0,0.263333333333333,-0.42,2.79,-1.84,1.63,0,0,0,0,0,0,1.86,0,0,0,0,-1.82,0,0,1.2,0,-0.21,1.165,0.62,-1.66,0,-1.245,-0.97,0.57,-5.68,-1.02,0,0,0.79,0,0,-0.64,0.905,-0.16,0,0,0,0,0,0,0,0.83,0,0,0,0,0,0,0,2.48,0,0,0,0,0.815,0,-0.28,0,0,0,0,0,0,0,0,0,1.42,1.105,-1.9,0,0,0.55,0,-0.06,1.87,0,0.19,0.321,1.12,1.175,-0.29,-0.15,0,0,0,0,0,0.335,-0.92,-0.69,0,0,1.03,0,0.07,-0.56,0,0,0,0,0,-1.45,1.33,0.105,0,0,0,0.816666666666667,0,0,0,0,0,0,-0.59,0,0.22,0,0.03,0,0,0,0.14,0,0,-0.34,0.82,0,0.515,0,0,0,0,0,0,3.53,0,0,0,0,-0.47,0.14,0.09,0.05,0,0,0.26,0.63,0,0,0,0,0.4,0,-0.19,0,0,0,0,-2.06,-0.3,0,0.16,0,0,-0.21,0,0,0,0.3225,0.75,0.875,0.91,0,0,0,0,0,0,2.74,0,0,0,0,0.47,-1.08,-0.14,-0.37,0,0.57,1.225,2.18,0,0,0,0,0.59,0,0,0.41,0.48,0,-0.59,0,-0.6,0,0,0.15,0,-2.63,0,0,0,0.58,0,-0.96,0,0,0.47,0,0,0,-0.555,-1.23,0,0,0,0,1.34,0,0,2.66,0,0,0,0,0,0.4525,0,0,-0.83,0.38,0,-0.27,-1.23,1.2,0,-0.43,0,0,0,1.84,0,-0.62,0,-1.38,0,-0.21,-0.25,0.106666666666667,0,-1.46,0,-0.54,0,0,-1.53,2.88,0.19,1.98,-0.59,-0.21,0.72,0,0.35,0,0,0,0,-0.205,0,0.245,0,0,0,0,0,-0.61,0,0,0,0,0,0,0.12,0,1.74,0,0.9,1.5,0,0,0,0,0,0,1.57,0.185,0,-0.27,0,0,0,-0.69,0.13,0,0,0.375,0,0,0.65,0.21,-0.88,0,0,-1.31,0.12,0,0,0,0,-1.19,0,0.16,0,0,0,2.02,1.47,0,-0.1,0,0,0,1.87,-1.23,0,0,0.546666666666667,0,0,0,0,-0.68,0,-1.16,0.47,0,0,0,-0.33,0,0,0,0,0,0,0,0,0,0,0,0,0,0,0,-0.33,0,-0.335,0,-1.05666666666667,0,0,0,1.62,0,0,0,0,0,1.16,0,0,0,0,0.01,-0.07,0,1.18,0,0,1.26,-8.11,0,0,2.65,0.98,-1.83,0,0,-0.45,0,0.65,0.86,0.73,-0.16,0,0.59,1.86,0,0.66,0,0.63,0,-0.21,0,0,1.86,0,0,0.245,0,0,-0.31,0,0,0,0,1.67,0,-0.53,0.38,0,0,0.625,0.62,0,0,0,-0.97,0,0,0.34,0.765,0,1.59,0,2.06,0,2.36,0,-0.07,0,0,0,0.44,-0.96,0,-1.05,0,0,0,0.5,0,-0.56,3.08,0,-2.1,0,0,0.25,0,-1.4,0.92,0,-0.68,0,0,0,0,0,0,0,0,0,0,0,-0.86,0,0,0,-1.215,0,0,0,0,0,0,0,0,0,0,0,0,-0.82,1.23,0.66,0,0,0,0,0,0,-0.12,-1.37,-0.66,-0.82,0,0,-0.84,0,0,0,-1.905,0,0,0,2.57,1.7,0.29,0,0,0,0,0.85,0,0,0,0,0,0,0,0,1.686,-0.34,0,0,0,0,0,0,0.57,-1.41,0,0,-0.32,0,-0.18,0.66,-0.3,-1.19,0,0,-0.79,1.215,0,-0.34,0,0,-0.65,0.57,-0.66,0.25,0,0,3.59,-2.83,0,0,0,-1.1,0,7.69,-0.04,0,0,-3.02,0,0,0.6,0,0,0,0,0,0,0,-2.12,-0.4,0,0.55,-0.68,0,0,0,0,0,0,0,0,0,0,0.72,0,0,0,0,0,-1.12,0,0,0,-1.44,0.67,0,0.42,0,0,0.28,0.61,0,0,0,1.29,0.93,0,0,0,0,-0.2,0.72,0,0,0,-1.13,0,1.31,0,0.08,0.15,0,0,0,-3.76,0,0,0,-1.32,0,0,-0.725,0,-0.345,-0.2,6.47,0,-0.11,-0.03,0,0,0,0,0,0,0.45,0,0.62,0.83,0,0,0,0,0,0,0,0,-0.12,-0.925,-0.95,0,0,0,0,1.42,0,0,0,0.33,-0.41,0,0.075,-1.64666666666667,-0.63,0,-3.375,0,0.7,-0.39,0,0.26,0,-1.06,0.17,0,-6.95,0.055,-1.46,0,0,0,0,0,1.09,0.52,0,0.475,-1.64,-3.59,0,0,-0.89,0,0,0,-0.48,0,1.09666666666667,1.08,0,0,0,"colorectal cancer"
2.79,0,0,0,0,-1.8,1.92,0,0,0,0,2.03,-0.315,0,0,0,1.19,0,0,-1.23,0,0,-0.305,0,0,0,0.69,0,-0.92,0,1,0,-0.885,0,0.14,0,0,0,0,-1.4,0,-0.62,0,0,-0.37,0,2.55,0,0,0,0.82,0,0,0,2.86,0,0,0,0.03,0,-1.38,1.405,0,0,0,0,0,0,0,0,0,-0.39,0,0,0,0,0,0,0,0,2.3,0,-1.92,-0.73,1.81,0,0,0.26,0,0,3.86,0.71,0,-0.4,0.08,0.58,4.67,0,0,1.21,-1.01,2.04,0,-1.39,0,0,0,0,0,-0.485,0,0,0,0,0,0,-0.84,0,0.85,0.71,0.395,0.88,0,0,0,-2.69,1.41,0.31,0.68,-0.54,0,0,0,0.46,-2.28,0,-0.47,0,0,0,0.58,0,0,0,0,2.3,0,0,0,-0.15,0,0,0,0,2.4575,0.23,0,3.52,0,0,3.07,1.7,0,-1.14,0,0.25,0,0.47,0,0,0,0,0,0.975,-0.0266666666666667,0.2,0,0,0,0,0,0,0,-1,-0.8,0,0.2,0,-1.69,0,0,6.32,0.36,0,0,0,0,0,-0.035,0,0,-1.41,-2.135,0,0,0,0,-0.0433333333333334,0,0,1.16,0,-1.34,0.74,0,0,0.74,0,0,0,0.48,0,0.05,2.18,2.48,0.67,-2.7,0,0,0,0,0,0,2.06,0,0,0,0,0.52,0,0,2.52,0,-0.39,3.46,-1.65,-0.69,0,0.31,-0.38,-0.13,-1.83,0.26,0,0,1.46,0,0,-0.31,-0.555,-0.05,0,0,0,0,0,0,0,-0.49,0,0,0,0,0,0,0,2.83,0,0,0,0,-0.92,0,4.81,0,0,0,0,0,0,0,0,0,-1.3,1.34,-0.44,0,0,2.99,0,-0.37,3.35,0,-1.37,0.102,0.32,1.31,-0.14,-4.97,0,0,0,0,0,-1.07,-0.54,0.63,0,0,1.66,0,0.27,-0.445,0,0,0,0,0,-0.92,0.05,-2.415,0,0,0,1.07666666666667,0,0,0,0,0,0,2.18,0,-0.38,0,0.533333333333333,0,0,0,-1.16,0,0,-0.97,0.24,0,0.315,0,0,0,0,0,0,-3.6,0,0,0,0,1.34,1.36,0.09,3.8,0,0,-0.39,-0.46,0,0,0,0,0.8,0,0.796666666666667,0,0,0,0,-0.33,1.64,0,-1.25,0,0,-0.27,0,0,0,-0.725,0.5,-0.8,1.81,0,0,0,0,0,0,2.14,0,0,0,0,0.53,-0.75,-1.28,-0.615,0,-5.75,-0.77,0.02,0,0,0,0,0.16,0,0,0.24,1.34,0,0.43,0,-0.23,0,0,2.86,0,-0.77,0,0,0,0.58,0,-1.535,0,0,2.54,0,0,0,-2.01,0.45,0,0,0,0,-2.16,0,0,-0.69,0,0,0,0,0,-0.3125,0,0,-0.28,-1.68,0,-0.15,-1.925,3.1,0,0.2,0,0,0,1.36,0,1.16,0,-1.11,0,-2.25,1.16,-0.716666666666667,0,1.83,0,-1.72,0,0,0.02,2.41,-3.27,0.24,-0.6,1.025,1.01,0,-1.12,0,0,0,0,2.16,0,0.2,0,0,0,0,0,-0.755,0,0,0,0,0,0,-1.84,0,3.99,0,1.38,-0.58,0,0,0,0,0,0,7.22,-0.105,0,-2.28,0,0,0,-1.85,0.65,0,0,0.275,0,0,2.48,-0.41,-0.3425,0,0,-1.66,-0.02,0,0,0,0,0.68,0,-1.75,0,0,0,-3.07,-1.19,0,-0.46,0,0,0,3.28,-2.24,0,0,0.303333333333333,0,0,0,0,-0.2,0,-0.8,-3.23,0,0,0,-1.26,0,0,0,0,0,0,0,0,0,0,0,0,0,0,0,-1.73,0,1.635,0,-1.01333333333333,0,0,0,-0.08,0,0,0,0,0,-0.12,0,0,0,0,-1.4,-2.12,0,3.07,0,0,1.59,4.84,0,0,1.575,0.0149999999999999,1.41,0,0,-0.61,0,-0.36,-0.275,0.4,-1.32,0,-0.08,0.49,0,2.06,0,-0.325,0,-0.74,0,0,2.74,0,0,0.17,0,0,0.15,0,0,0,0,3.39,0,-1.48,-0.13,0,0,-0.86,0.55,0,0,0,-0.09,0,0,0.74,-1.585,0,1.58,0,0.57,0,1.16,0,-0.37,0,0,0,0.66,-1.615,0,-0.39,0,0,0,1.22,0,-1.74,0.715,0,-3.55,0,0,-1.65,0,-1.11,0.625,0,-0.25,0,0,0,0,0,0,0,0,0,0,0,-0.26,0,0,0,-1.285,0,0,0,0,0,0,0,0,0,0,0,0,3.51,-0.56,0.105,0,0,0,0,0,0,4.02,-2.47,1.85,-0.05,0,0,0.62,0,0,0,-0.905,0,0,0,-1.4,0.96,1.83,0,0,0,0,1.96,0,0,0,0,0,0,0,0,1.296,0.18,0,0,0,0,0,0,-1.01,-1.56,0,0,1.54,0,-1.1,-0.49,-2.27,2.27,0,0,-2.87,1.655,0,0.94,0,0,0.16,0.86,-0.01,1,0,0,0.82,-0.57,0,0,0,1.53,0,0.73,1.06,0,0,-0.12,0,0,-0.16,0,0,0,0,0,0,0,-3.31,-1.065,0,2.24,-0.325,0,0,0,0,0,0,0,0,0,0,0.83,0,0,0,0,0,0.82,0,0,0,1.3,3.9,0,2.24,0,0,0.09,0.97,0,0,0,-0.55,-0.22,0,0,0,0,-0.17,-0.23,0,0,0,-1.31,0,1.46,0,0.22,0.05,0,0,0,-1.34,0,0,0,-0.13,0,0,1.885,0,-0.125,0.25,1.97,0,1.24,-0.91,0,0,0,0,0,0,0.62,0,-0.125,-1.53,0,0,0,0,0,0,0,0,0.8,0.42,-0.47,0,0,0,0,3.06,0,0,0,-0.17,0.68,0,0.99,1.27,0.715,0,-0.36,0,2.52666666666667,-0.54,0,2.06,0,-1.53,0.53,0,0.45,-1.16,2.82,0,0,0,0,0,0.31,-1.24,0,-0.45,-0.25,0.71,0,0,-1.29,0,0,0,0.16,0,-0.68,0.92,0,0,0,"colorectal cancer"
1.6,0,0,0,0,-1.42,-1.74,0,0,0,0,2.15,-0.01,0,0,0,0.51,0,0,2.58,0,0,0.155,0,0,0,1.09,0,-2.37,0,-1.41,0,-1.905,0,0.84,0,0,0,0,1.52,0,-1.13,0,0,-0.59,0,1.36,0,0,0,-0.19,0,0,0,1.38,0,0,0,1.33,0,1.04,0.38,0,0,0,0,0,0,0,0,0,-0.66,0,0,0,0,0,0,0,0,2.3,0,-1.8,0.08,2.02,0,0,0.8,0,0,0.53,-0.27,0,0.68,-0.03,-0.48,0.6,0,0,2.13,-1.77,2.47,0,2.07,0,0,0,0,0,0.545,0,0,0,0,0,0,-1.68,0,0.855,0.4,0.8,0.925,0,0,0,-0.94,-0.62,0.78,0.64,-1,0,0,0,0.68,1.77,0,0.3,0,0,0,-0.09,0,0,0,0,1.37,0,0,0,0.16,0,0,0,0,0.5175,0.31,0,0.17,0,0,0.235,0.88,0,-2.31,0,-0.23,0,2.2,0,0,0,0,0,0.735,0.143333333333333,0.8,0,0,0,0,0,0,0,1.8,-2.38,0,-0.12,0,-1.02,0,0,2,1.39,0,0,0,0,0,0.03,0,0,0.38,-3.07,0,0,0,0,0.183333333333333,0,0,0.84,0,1.73,-0.62,0,0,1.04,0,0,0,-0.22,0,0.0733333333333333,0.48,0.61,-1.5,0.12,0,0,0,0,0,0,1.32,0,0,0,0,0.035,0,0,1.88,0,-0.2,2.195,-0.38,-4.69,0,-0.285,-1.04,0.52,1.52,0.43,0,0,0.52,0,0,-0.19,0.1,0.34,0,0,0,0,0,0,0,0.44,0,0,0,0,0,0,0,2.32,0,0,0,0,2.735,0,1.05,0,0,0,0,0,0,0,0,0,-0.29,1.41,-1.52,0,0,1.79,0,0.96,0.58,0,0.3,-0.242,0.32,-0.09,0.67,-0.97,0,0,0,0,0,-0.165,-0.03,0.08,0,0,1.12,0,1.46,-0.95,0,0,0,0,0,-2.06,0.76,0.925,0,0,0,1.58,0,0,0,0,0,0,-0.86,0,0.27,0,1.56666666666667,0,0,0,0.725,0,0,-0.68,1.02,0,1.96,0,0,0,0,0,0,0.31,0,0,0,0,0.02,0.17,-0.295,1.49,0,0,-0.58,-1.15,0,0,0,0,1.34,0,-0.136666666666667,0,0,0,0,-0.58,0.21,0,0.24,0,0,-0.78,0,0,0,0.00249999999999998,0.9,-0.79,1.19,0,0,0,0,0,0,2.01,0,0,0,0,0.14,0.45,0.52,-0.46,0,1.53,0.25,1.18,0,0,0,0,-0.73,0,0,0.36,0.68,0,0.85,0,-0.85,0,0,1.065,0,0.48,0,0,0,0.7,0,3.47,0,0,0.39,0,0,0,-2.55,-0.67,0,0,0,0,-0.23,0,0,0.18,0,0,0,0,0,-0.04,0,0,-1.22,-0.08,0,-0.6,-0.435,0.02,0,-0.89,0,0,0,1.2,0,1.25,0,-1.65,0,-0.8,0.12,-0.143333333333333,0,-0.1,0,-0.59,0,0,-0.42,0.52,0.31,-0.48,-0.44,0.005,-0.06,0,0.42,0,0,0,0,-0.66,0,0.215,0,0,0,0,0,0.16,0,0,0,0,0,0,-1.67,0,3.09,0,0.62,0.1,0,0,0,0,0,0,0.53,-0.295,0,0.1,0,0,0,-0.13,1.45,0,0,1.21,0,0,0.97,0.15,-0.3925,0,0,1.64,-0.83,0,0,0,0,-0.27,0,-2.17,0,0,0,2.23,-0.55,0,0.18,0,0,0,1.69,2.53,0,0,-0.33,0,0,0,0,0.01,0,-1.5,0.65,0,0,0,-0.19,0,0,0,0,0,0,0,0,0,0,0,0,0,0,0,-1.24,0,0.815,0,-0.43,0,0,0,0.58,0,0,0,0,0,0.38,0,0,0,0,0.65,-0.85,0,-1.61,0,0,0.55,-1.13,0,0,1.705,0.41,0.47,0,0,0.54,0,1.03,0.285,0.05,-0.17,0,-1.82,0.87,0,0.37,0,0.11,0,0.29,0,0,1.57,0,0,0.585,0,0,-0.23,0,0,0,0,1.88,0,0.16,-0.53,0,0,0.71,0.43,0,0,0,0.67,0,0,-0.14,0.105,0,-3.19,0,0.93,0,0.36,0,-0.255,0,0,0,0.2,0.875,0,-0.46,0,0,0,1.8,0,0.67,1.805,0,0.13,0,0,0.23,0,-1.45,-0.425,0,2.25,0,0,0,0,0,0,0,0,0,0,0,0.15,0,0,0,-0.44,0,0,0,0,0,0,0,0,0,0,0,0,-1.12,0.46,-0.905,0,0,0,0,0,0,1.31,-0.18,-0.02,0.16,0,0,-1.11,0,0,0,-1.385,0,0,0,-0.13,1.74,1.12,0,0,0,0,0.98,0,0,0,0,0,0,0,0,1.224,0.4,0,0,0,0,0,0,-1.35,0.89,0,0,-0.15,0,-0.24,1.21,-1.95,1.11,0,0,0.11,0.46,0,-0.38,0,0,0.58,1.08,-0.12,0.555,0,0,0.67,-1.41,0,0,0,0.43,0,0.6,1.33,0,0,-0.43,0,0,1.26,0,0,0,0,0,0,0,0.59,-1.09,0,0.17,0.27,0,0,0,0,0,0,0,0,0,0,0.75,0,0,0,0,0,0.71,0,0,0,0.24,1.25,0,0.44,0,0,0.725,1.21,0,0,0,1.1,1.18,0,0,0,0,-0.35,0.46,0,0,0,0.09,0,1.27,0,0.52,1.4,0,0,0,-0.77,0,0,0,-0.86,0,0,0.89,0,-0.02,-0.16,0.55,0,0.22,0.52,0,0,0,0,0,0,5.09,0,-0.91,-0.02,0,0,0,0,0,0,0,0,0.09,1.96,0.17,0,0,0,0,2.1,0,0,0,-0.05,0.78,0,0.02,0.156666666666667,-0.52,0,1.36,0,-0.776666666666667,-0.95,0,-1.71,0,-0.48,-0.31,0,0.41,-0.43,-3.42,0,0,0,0,0,0.77,-0.52,0,-0.4525,4.04,-0.67,0,0,-1.95,0,0,0,0.09,0,1.46666666666667,-0.06,0,0,0,"colorectal cancer"
1.18,0,0,0,0,-0.3,0.88,0,0,0,0,0.89,0.56,0,0,0,0.79,0,0,1.31,0,0,0,0,0,0,0.47,0,-2.82,0,-0.18,0,-1.005,0,0.44,0,0,0,0,2.3,0,-1.23,0,0,-1.04,0,2.53,0,0,0,-0.38,0,0,0,-0.25,0,0,0,0.75,0,0.89,0.065,0,0,0,0,0,0,0,0,0,-0.15,0,0,0,0,0,0,0,0,1.37,0,-0.1,1.59,-1.71,0,0,-0.09,0,0,0.18,0.68,0,-0.34,-0.08,0.12,0.18,0,0,0.42,-2.22,1.61,0,1.43,0,0,0,0,0,0.59,0,0,0,0,0,0,1.05,0,0.575,-0.34,0.465,1.345,0,0,0,-0.69,-0.38,1.23,0.04,-0.97,0,0,0,-0.6,-0.62,0,-0.06,0,0,0,0.65,0,0,0,0,0.96,0,0,0,0,0,0,0,0,1.1425,-0.71,0,-0.22,0,0,1.67,-0.12,0,-1.47,0,0.34,0,0.59,0,0,0,0,0,-0.69,0.00999999999999999,0.2,0,0,0,0,0,0,0,-0.66,-0.61,0,1.15,0,-1.08,0,0,-0.06,1.49,0,0,0,0,0,-0.245,0,0,0.96,1.08,0,0,0,0,0.8,0,0,0.42,0,1.43,-0.43,0,0,0.14,0,0,0,0.01,0,-0.27,0.34,1.02,-0.83,0.05,0,0,0,0,0,0,0.86,0,0,0,0,-0.41,0,0,1.73,0,0.88,1.815,-0.27,-1.37,0,-0.785,-1.44,0.42,0.64,0.28,0,0,0.62,0,0,-0.27,0.13,0.09,0,0,0,0,0,0,0,-0.34,0,0,0,0,0,0,0,2.02,0,0,0,0,-1.23,0,-0.34,0,0,0,0,0,0,0,0,0,0.23,0.985,-0.46,0,0,2.03,0,0.25,1.34,0,0.43,0.123,-0.24,-2.27,0.2,0.25,0,0,0,0,0,-0.095,0.91,-0.05,0,0,0.11,0,-0.96,0.025,0,0,0,0,0,-2.46,0.87,0.81,0,0,0,1.18,0,0,0,0,0,0,0.03,0,0.34,0,1.33,0,0,0,1.345,0,0,-0.29,0.57,0,0.865,0,0,0,0,0,0,0.53,0,0,0,0,-0.11,0.82,0.245,0.7,0,0,-0.12,-0.8,0,0,0,0,0.29,0,1.53666666666667,0,0,0,0,-0.21,0.07,0,0.16,0,0,-0.13,0,0,0,-0.00499999999999998,0.77,1.41,1.08,0,0,0,0,0,0,0.95,0,0,0,0,-1,0.47,-0.41,-0.355,0,1.38,-0.9,0.49,0,0,0,0,-0.04,0,0,0.15,0.33,0,0.78,0,-0.44,0,0,1.275,0,0.48,0,0,0,0.47,0,-0.125,0,0,0.14,0,0,0,-0.565,-0.45,0,0,0,0,-0.03,0,0,0.38,0,0,0,0,0,0.53,0,0,-0.33,0.55,0,-0.32,0.165,0.77,0,-0.56,0,0,0,0.64,0,0.86,0,-1.36,0,0.31,-0.05,0.78,0,0.97,0,-0.51,0,0,-0.05,0.37,0.91,-0.025,0,2,0.35,0,-0.04,0,0,0,0,-1.345,0,0.58,0,0,0,0,0,0.255,0,0,0,0,0,0,-0.87,0,2.65,0,0.46,-0.41,0,0,0,0,0,0,1.19,0.25,0,-0.18,0,0,0,-0.42,1.06,0,0,0.53,0,0,1.44,0.13,-0.265,0,0,1.16,0.19,0,0,0,0,-1.44,0,-1.32,0,0,0,-0.78,-1.155,0,0.2,0,0,0,1.2,0.06,0,0,0.473333333333333,0,0,0,0,0.63,0,-1.35,0.26,0,0,0,-0.29,0,0,0,0,0,0,0,0,0,0,0,0,0,0,0,-1.44,0,0.795,0,-1.21,0,0,0,0.05,0,0,0,0,0,0.45,0,0,0,0,0.19,-0.49,0,0.52,0,0,0.07,0.52,0,0,2.45,0.005,0.8,0,0,0.58,0,1.65,0.62,1,-0.37,0,0.01,0.83,0,-0.09,0,-0.22,0,0.17,0,0,1.16,0,0,0.01,0,0,-0.25,0,0,0,0,2.42,0,0.01,-2.45,0,0,0.225,0.27,0,0,0,-0.7,0,0,0.08,-0.78,0,0,0,1.17,0,0.08,0,2.475,0,0,0,0.62,1.26,0,0.41,0,0,0,1.04,0,1.04,1.63,0,1.14,0,0,0.59,0,-0.99,-0.015,0,0.19,0,0,0,0,0,0,0,0,0,0,0,0.34,0,0,0,0.02,0,0,0,0,0,0,0,0,0,0,0,0,-0.82,-1.36,0.825,0,0,0,0,0,0,-0.55,0.82,0.63,-0.3,0,0,-0.9,0,0,0,-1.285,0,0,0,0.04,1.33,0.9,0,0,0,0,0.91,0,0,0,0,0,0,0,0,1.04,0.57,0,0,0,0,0,0,-0.85,-0.39,0,0,0.02,0,0.03,-0.04,-1.03,0.39,0,0,-0.295,-0.32,0,0.95,0,0,-0.01,1.13,-0.62,1.245,0,0,1.88,-2.51,0,0,0,2.92,0,0.32,1.25,0,0,-2.04,0,0,-0.105,0,0,0,0,0,0,0,-0.4,-0.465,0,1.05,-0.03,0,0,0,0,0,0,0,0,0,0,0.26,0,0,0,0,0,0.7,0,0,0,1.42,0.44,0,0.41,0,0,0.625,1.17,0,0,0,1.65,-0.95,0,0,0,0,0.25,0.32,0,0,0,0.11,0,0.57,0,0.99,0.74,0,0,0,-0.87,0,0,0,-0.32,0,0,1.12,0,-0.28,0.11,0.45,0,0.17,-0.28,0,0,0,0,0,0,-0.94,0,-0.45,-0.49,0,0,0,0,0,0,0,0,-0.05,0.79,-0.4,0,0,0,0,0.18,0,0,0,-0.77,0.37,0,-0.225,0.0199999999999999,0.285,0,2.6,0,0.526666666666667,0.48,0,0.8,0,0.3,0.49,0,0.94,-0.46,1.34,0,0,0,0,0,0,-0.16,0,0.1475,-0.02,-0.09,0,0,-0.91,0,0,0,-0.72,0,2.27,0.85,0,0,0,"colorectal cancer"
1.28,0,0,0,0,-0.4,-0.86,0,0,0,0,0.56,0.225,0,0,0,1.46,0,0,-2.59,0,0,-0.005,0,0,0,0.39,0,-2.3,0,-0.36,0,0.185,0,-0.23,0,0,0,0,2.67,0,-1.18,0,0,-0.65,0,2.12,0,0,0,-0.52,0,0,0,1.62,0,0,0,1.33,0,0.24,0.415,0,0,0,0,0,0,0,0,0,-0.61,0,0,0,0,0,0,0,0,1.7,0,-0.15,1.6,-0.4,0,0,0.09,0,0,0.44,-0.01,0,0.36,-0.96,-0.46,0.02,0,0,0.45,-2.13,0.98,0,1.46,0,0,0,0,0,-1.505,0,0,0,0,0,0,0.82,0,-0.02,-0.75,0.25,-0.335,0,0,0,-0.47,-0.96,1.62,-0.24,-1.04,0,0,0,0.37,0.23,0,-0.65,0,0,0,0.13,0,0,0,0,0.63,0,0,0,0.05,0,0,0,0,0.955,-0.025,0,-0.83,0,0,-1.535,-0.03,0,-0.66,0,-0.75,0,-0.46,0,0,0,0,0,-0.425,0.0533333333333333,0.68,0,0,0,0,0,0,0,-0.71,-0.52,0,1.07,0,-1.17,0,0,0.63,0.65,0,0,0,0,0,-0.64,0,0,0.01,2.52,0,0,0,0,0.52,0,0,0.07,0,1.48,3.14,0,0,-0.96,0,0,0,0.23,0,0.446666666666667,1.65,1.57,-0.77,0.06,0,0,0,0,0,0,1.85,0,0,0,0,1.66,0,0,2.11,0,0.17,1.76,0.25,-1.79,0,-0.29,-1.48,0.14,0.51,-0.44,0,0,0.34,0,0,-0.61,0.355,1.54,0,0,0,0,0,0,0,-0.58,0,0,0,0,0,0,0,2.23,0,0,0,0,0.355,0,1.34,0,0,0,0,0,0,0,0,0,-0.14,0.7,-1.49,0,0,1.77,0,0.31,1.41,0,0.21,-0.46,1.71,2.005,-0.05,-0.64,0,0,0,0,0,-0.305,-0.11,-0.38,0,0,0.23,0,-1.56,-0.54,0,0,0,0,0,-2.04,1.12,-0.0199999999999999,0,0,0,1.09,0,0,0,0,0,0,0.34,0,-0.11,0,1.52666666666667,0,0,0,1.405,0,0,-0.68,0.74,0,-0.055,0,0,0,0,0,0,0.51,0,0,0,0,0.2,0.35,0.22,2.32,0,0,0.15,-0.68,0,0,0,0,1.48,0,1.88666666666667,0,0,0,0,-0.19,-0.07,0,0.84,0,0,-1.01,0,0,0,-0.4475,1.15,0.305,0.91,0,0,0,0,0,0,1.33,0,0,0,0,-0.11,-0.57,0.19,-1.03,0,1.65,-2.865,0.33,0,0,0,0,0.08,0,0,0.74,0.18,0,0.33,0,-0.28,0,0,0.955,0,0.55,0,0,0,0.08,0,0.875,0,0,0.45,0,0,0,-0.7,-0.54,0,0,0,0,-0.65,0,0,-0.31,0,0,0,0,0,0.9125,0,0,-0.44,0.34,0,-0.4,0.14,0.37,0,-0.16,0,0,0,0.63,0,0.65,0,-1.47,0,0,-0.06,0.0766666666666667,0,0.94,0,-0.2,0,0,0.71,1.26,1.24,-1.18,-0.1,-0.57,0.52,0,-0.03,0,0,0,0,-1.225,0,0.265,0,0,0,0,0,-0.08,0,0,0,0,0,0,-1.46,0,1.54,0,0.52,-0.66,0,0,0,0,0,0,1.04,-0.495,0,-0.99,0,0,0,0.15,0.27,0,0,0.745,0,0,0.65,0.87,-0.605,0,0,0.43,-0.09,0,0,0,0,0.02,0,-0.03,0,0,0,1.2,0.11,0,0.055,0,0,0,0.9,0.04,0,0,0.0266666666666667,0,0,0,0,0.12,0,-1.41,-0.99,0,0,0,0.43,0,0,0,0,0,0,0,0,0,0,0,0,0,0,0,-1.38,0,0.76,0,-0.246666666666667,0,0,0,-0.24,0,0,0,0,0,0.68,0,0,0,0,0.45,-0.27,0,0.88,0,0,0.16,-1.4,0,0,1.76,1.28,0.6,0,0,-0.24,0,1.47,0.075,0.55,-0.41,0,2.03,2.01,0,1.63,0,0.865,0,0.2,0,0,1.34,0,0,0.675,0,0,-0.78,0,0,0,0,2.34,0,-0.16,-0.43,0,0,0.73,1.7,0,0,0,-0.37,0,0,0.29,2.195,0,1.64,0,0.47,0,-0.44,0,4.095,0,0,0,-0.3,0.775,0,-0.26,0,0,0,2.1,0,1.34,0.845,0,1.12,0,0,0.41,0,-1.46,-0.665,0,-1.45,0,0,0,0,0,0,0,0,0,0,0,-0.25,0,0,0,0.83,0,0,0,0,0,0,0,0,0,0,0,0,-0.45,-4.79,1.15,0,0,0,0,0,0,-0.08,0.58,1.3,-0.44,0,0,-1.19,0,0,0,-0.915,0,0,0,1.11,1.56,1.16,0,0,0,0,0.46,0,0,0,0,0,0,0,0,0.946,0.09,0,0,0,0,0,0,-1.33,-1.02,0,0,0.47,0,-0.13,-0.01,-0.34,1.69,0,0,0.675,0.81,0,0.9,0,0,0.08,0.99,-0.42,1.135,0,0,1.41,-2.16,0,0,0,-0.14,0,0.39,0.05,0,0,-2.28,0,0,-0.125,0,0,0,0,0,0,0,-3.65,-0.295,0,0.53,-0.065,0,0,0,0,0,0,0,0,0,0,0.31,0,0,0,0,0,0.05,0,0,0,0.83,-0.92,0,0.61,0,0,0.405,1.69,0,0,0,1.11,0.17,0,0,0,0,-0.01,0.07,0,0,0,0.6,0,1.17,0,0.47,1.89,0,0,0,-0.5,0,0,0,-0.59,0,0,1.215,0,-0.695,-0.05,1.04,0,0.13,-0.31,0,0,0,0,0,0,-2.24,0,-0.505,-0.49,0,0,0,0,0,0,0,0,0.26,-0.915,-0.81,0,0,0,0,-1.11,0,0,0,-0.47,0.58,0,-0.555,0.553333333333333,0.17,0,1.83,0,0.84,0.33,0,0.42,0,0.01,0.28,0,1.46,-0.53,-0.23,0,0,0,0,0,0.15,-0.47,0,-0.335,0.26,-0.56,0,0,-0.79,0,0,0,0,0,0.906666666666667,-0.37,0,0,0,"colorectal cancer"
1.15,0,0,0,0,-1.5,1.42,0,0,0,0,-1.06,1.055,0,0,0,-4.54,0,0,-1.39,0,0,0.19,0,0,0,1.39,0,-0.26,0,0.04,0,-0.525,0,-3.42,0,0,0,0,-1.08,0,-1.81,0,0,-1.56,0,-1.62,0,0,0,0.48,0,0,0,-1.43,0,0,0,-0.82,0,-1.67,-0.18,0,0,0,0,0,0,0,0,0,-2.13,0,0,0,0,0,0,0,0,0.44,0,8.45,1.47,-0.84,0,0,-0.45,0,0,-1.46,-1.52,0,-2.2,-2.3,-1.05,2.26,0,0,-0.82,0.16,-1.07,0,2.91,0,0,0,0,0,1.66,0,0,0,0,0,0,-5.14,0,-1.12,-0.16,-5.9,0.64,0,0,0,-0.62,-1.88,-2.51,-2.18,-5.39,0,0,0,0.48,3.38,0,-0.61,0,0,0,0.2,0,0,0,0,3.82,0,0,0,-3.01,0,0,0,0,-0.6175,-3.85,0,-2.92,0,0,1.655,-2.89,0,-1.34,0,2.81,0,1.82,0,0,0,0,0,2.495,-1.53666666666667,-0.86,0,0,0,0,0,0,0,2.77,-2.01,0,2.27,0,-4.54,0,0,-0.59,-4.62,0,0,0,0,0,-1.27,0,0,-0.21,-0.435,0,0,0,0,0.903333333333333,0,0,4.37,0,-2.7,1.11,0,0,0.2,0,0,0,-2.47,0,-0.163333333333333,-3.29,0.17,-12.21,1.37,0,0,0,0,0,0,1.16,0,0,0,0,-0.18,0,0,-3.63,0,-0.37,-1.98,4.91,-2.49,0,0.505,-1.66,-0.55,-1.31,-0.7,0,0,1.15,0,0,0.39,-1.895,-1,0,0,0,0,0,0,0,0.69,0,0,0,0,0,0,0,-2.06,0,0,0,0,-0.225,0,-1.28,0,0,0,0,0,0,0,0,0,0.21,1.035,-3.25,0,0,-1.39,0,0.53,-4.23,0,-0.95,0.24,-0.7,-0.37,0.3,3.04,0,0,0,0,0,0.51,0.62,-2.08,0,0,1.66,0,0.37,-1.475,0,0,0,0,0,-0.4,-1.79,1.615,0,0,0,1.12,0,0,0,0,0,0,-1.47,0,-2.92,0,0.836666666666667,0,0,0,-0.235,0,0,-1.78,-5.44,0,0.515,0,0,0,0,0,0,3.01,0,0,0,0,-3.14,0.59,-2.115,1.14,0,0,-3.75,-3.69,0,0,0,0,-1.22,0,-1.51333333333333,0,0,0,0,-1.56,-1.91,0,-2.98,0,0,-0.19,0,0,0,-0.165,1.34,-0.18,2.14,0,0,0,0,0,0,-2.44,0,0,0,0,-0.55,-0.24,-0.65,-2.45,0,2.35,1.49,-0.66,0,0,0,0,1.67,0,0,-1.64,-2.38,0,2.42,0,-3.55,0,0,-1.47,0,0.33,0,0,0,-0.77,0,-0.205,0,0,-0.32,0,0,0,-1.005,-2.98,0,0,0,0,-1.47,0,0,0.09,0,0,0,0,0,1.94,0,0,-0.53,0.63,0,1.47,-0.505,-0.09,0,-1.75,0,0,0,3.3,0,1.26,0,-3.14,0,0.63,-3.2,1.28,0,-4.77,0,2.69,0,0,1.92,-2.6,0.72,-1.5,0.96,-2.685,-1.23,0,-0.25,0,0,0,0,-3.015,0,-0.435,0,0,0,0,0,2.135,0,0,0,0,0,0,0.71,0,-0.11,0,-3.24,-0.46,0,0,0,0,0,0,0.55,-0.02,0,2.44,0,0,0,-1.17,1.99,0,0,-1.68,0,0,-1.17,5.41,-0.545,0,0,-0.01,0.97,0,0,0,0,1.72,0,-1.94,0,0,0,-2.05,0.76,0,0.28,0,0,0,-8.65,1.57,0,0,-1.01333333333333,0,0,0,0,-3.8,0,0.21,0.79,0,0,0,-0.28,0,0,0,0,0,0,0,0,0,0,0,0,0,0,0,0.46,0,2.15,0,-0.643333333333333,0,0,0,0.33,0,0,0,0,0,-1.61,0,0,0,0,-0.49,-2.75,0,-1.62,0,0,5.82,-2.74,0,0,-1.76,0.205,-0.54,0,0,0.41,0,-0.05,2.32,0.64,-1.66,0,1.05,2.17,0,-0.05,0,1.36,0,3.35,0,0,4.37,0,0,-0.285,0,0,1.77,0,0,0,0,-1,0,-1.13,1.11,0,0,-0.07,-2.11,0,0,0,-1.88,0,0,1.57,2.815,0,-1.66,0,4.24,0,3.91,0,-0.845,0,0,0,0.99,-0.345,0,-3.36,0,0,0,-2.09,0,-0.56,-0.03,0,0.7,0,0,0.15,0,-2.8,1,0,1.83,0,0,0,0,0,0,0,0,0,0,0,-3.95,0,0,0,-1.3,0,0,0,0,0,0,0,0,0,0,0,0,-1.21,-2.59,-1.5,0,0,0,0,0,0,3.17,-2.31,-3.29,-0.42,0,0,1.12,0,0,0,-2.455,0,0,0,-0.52,0.41,-3.98,0,0,0,0,0.88,0,0,0,0,0,0,0,0,0.162,-0.31,0,0,0,0,0,0,-1.81,-1.29,0,0,0.44,0,-2.9,1.64,0.33,-0.38,0,0,2.715,-1.29,0,0.3,0,0,-2.04,-0.35,0.07,-1.695,0,0,0.61,1.33,0,0,0,-1.5,0,-2.22,0.34,0,0,0.53,0,0,1.26,0,0,0,0,0,0,0,1.85,0.625,0,2.04,0.77,0,0,0,0,0,0,0,0,0,0,0.36,0,0,0,0,0,2.27,0,0,0,0.07,0.41,0,-0.75,0,0,0.68,-0.49,0,0,0,0.75,1.77,0,0,0,0,-2.41,1.78,0,0,0,0.09,0,-3.43,0,-4.7,1.94,0,0,0,3.05,0,0,0,-5.33,0,0,-0.02,0,1.68,-0.22,-0.69,0,-0.66,0.23,0,0,0,0,0,0,-0.25,0,1.54,0.82,0,0,0,0,0,0,0,0,0.76,0.565,-2.57,0,0,0,0,0.43,0,0,0,-2.5,-0.48,0,-1.865,-4.35333333333333,1.095,0,0.8,0,-2.41333333333333,-0.36,0,-1.44,0,-2.56,-1.32,0,0.2,-1.13,-0.36,0,0,0,0,0,-1.18,-0.19,0,0.805,-0.53,0.5,0,0,-0.42,0,0,0,2.38,0,2.92666666666667,-1.8,0,0,0,"control"
0.84,0,0,0,0,-0.34,4.16,0,0,0,0,-0.7,1.67,0,0,0,-1.73,0,0,-0.06,0,0,-0.555,0,0,0,-0.72,0,-0.59,0,-0.41,0,1.01,0,0.37,0,0,0,0,1.39,0,-0.38,0,0,1.32,0,0.78,0,0,0,0.39,0,0,0,-0.51,0,0,0,-0.18,0,0.61,0.455,0,0,0,0,0,0,0,0,0,-0.99,0,0,0,0,0,0,0,0,-0.86,0,2.72,-1.18,0.03,0,0,-0.48,0,0,-0.62,1.17,0,-1.79,0.35,-1.22,-4.12,0,0,-0.03,-0.78,-0.78,0,1.14,0,0,0,0,0,-2.255,0,0,0,0,0,0,2.02,0,0.23,-2.84,-1.325,-1.745,0,0,0,-0.06,0.38,-0.3,-2.61,-1.19,0,0,0,-1.88,-1.33,0,-1.42,0,0,0,-0.47,0,0,0,0,1.75,0,0,0,-0.74,0,0,0,0,-0.195,-2.67,0,0.29,0,0,-0.93,0.49,0,0.71,0,-3.35,0,-1.65,0,0,0,0,0,0.35,-0.0266666666666667,0.42,0,0,0,0,0,0,0,-2.1,-0.38,0,0.63,0,0.23,0,0,-2.82,-0.46,0,0,0,0,0,0.005,0,0,0.04,0.695,0,0,0,0,1.10666666666667,0,0,-0.75,0,1.29,3.15,0,0,-1.41,0,0,0,0.11,0,-0.45,-0.64,-2.01,0.4,10.54,0,0,0,0,0,0,0.84,0,0,0,0,0.69,0,0,-0.97,0,-0.69,-3.035,4.47,0.06,0,-0.11,-0.28,0.46,1.3,-6.71,0,0,-0.7,0,0,0.32,-0.6,-4.84,0,0,0,0,0,0,0,1.98,0,0,0,0,0,0,0,2.45,0,0,0,0,-0.1,0,0.86,0,0,0,0,0,0,0,0,0,-0.14,-2.415,-1.65,0,0,-0.34,0,-0.13,0.57,0,-0.17,1.436,-0.3,1.065,1.1,3.37,0,0,0,0,0,-0.11,-0.44,-0.85,0,0,0.03,0,2.44,-1.75,0,0,0,0,0,-0.5,1.78,-1.195,0,0,0,0.626666666666667,0,0,0,0,0,0,-0.33,0,-1.03,0,1.87,0,0,0,0.325,0,0,-0.21,-0.46,0,-0.02,0,0,0,0,0,0,-2.06,0,0,0,0,0.01,-0.91,-1.125,-0.19,0,0,1.6,-0.64,0,0,0,0,-1.22,0,-0.133333333333333,0,0,0,0,0.15,0.07,0,-0.5,0,0,-1.55,0,0,0,0.6875,-2.07,0.96,0.03,0,0,0,0,0,0,-0.13,0,0,0,0,-2.46,-1.05,-1.81,0.98,0,0.59,0.135,-2.82,0,0,0,0,-1.79,0,0,0,-1.97,0,0.36,0,-1.21,0,0,0.575,0,-4.27,0,0,0,1.34,0,1.895,0,0,-1.08,0,0,0,0.215,0.09,0,0,0,0,-0.49,0,0,0.35,0,0,0,0,0,0.5275,0,0,-3.14,-1.99,0,0.22,0.19,0.35,0,0.23,0,0,0,-0.015,0,1.02,0,-0.81,0,3.06,0.21,-0.08,0,-0.75,0,-1.17,0,0,-0.11,1.23,0.92,0.4,-0.61,0.88,0.16,0,0.41,0,0,0,0,-2.32,0,-1.58,0,0,0,0,0,-0.205,0,0,0,0,0,0,-0.9,0,-0.01,0,-0.43,-0.33,0,0,0,0,0,0,0.38,-1.26,0,-3.41,0,0,0,0.51,0.95,0,0,0.535,0,0,0.74,-0.83,-0.2625,0,0,-3.56,-1.7,0,0,0,0,0.65,0,-1.04,0,0,0,-1.41,-2.195,0,0.025,0,0,0,3.31,1.87,0,0,-0.96,0,0,0,0,-0.21,0,-0.51,0.51,0,0,0,0.17,0,0,0,0,0,0,0,0,0,0,0,0,0,0,0,0.73,0,-0.97,0,0.163333333333333,0,0,0,-0.09,0,0,0,0,0,-3.06,0,0,0,0,0.81,-1.34,0,-0.36,0,0,2.42,1.11,0,0,0.06,-1.405,-1.53,0,0,0.66,0,1.02,1.015,-0.49,-0.35,0,-0.03,-0.07,0,1.99,0,-0.56,0,1.81,0,0,0.97,0,0,0.805,0,0,-0.03,0,0,0,0,0.51,0,-0.66,0.17,0,0,0.615,0.98,0,0,0,-0.09,0,0,-0.16,-0.275,0,-2.7,0,-0.01,0,0.84,0,-0.685,0,0,0,0.42,0.34,0,-0.72,0,0,0,-0.05,0,-0.26,-0.915,0,1.55,0,0,0.89,0,-0.33,-0.35,0,0.46,0,0,0,0,0,0,0,0,0,0,0,1.71,0,0,0,0.795,0,0,0,0,0,0,0,0,0,0,0,0,-1.22,1.51,-0.315,0,0,0,0,0,0,0.84,-0.26,-0.55,2.23,0,0,-0.34,0,0,0,-0.245,0,0,0,2.6,0.53,-0.57,0,0,0,0,-1.19,0,0,0,0,0,0,0,0,1.892,-0.4,0,0,0,0,0,0,-0.94,1.97,0,0,-0.19,0,-0.52,0.44,-0.04,-0.6,0,0,2.245,-0.29,0,-1.22,0,0,-1.13,0.72,-0.14,0.59,0,0,0.27,0.65,0,0,0,3.7,0,-1.03,-4.78,0,0,0.61,0,0,-3.83,0,0,0,0,0,0,0,-0.23,2.085,0,0.48,1.75,0,0,0,0,0,0,0,0,0,0,0.06,0,0,0,0,0,-1.05,0,0,0,3.12,0.76,0,0.03,0,0,-0.4,0.89,0,0,0,0.47,0.86,0,0,0,0,-0.06,-0.14,0,0,0,1.73,0,0.84,0,-0.09,1.76,0,0,0,-1,0,0,0,-0.18,0,0,-2.455,0,0.105,0.8,0.67,0,-0.31,1.27,0,0,0,0,0,0,-2.04,0,0.325,-1.44,0,0,0,0,0,0,0,0,0.52,-1.66,-0.27,0,0,0,0,1.71,0,0,0,3.34,1.91,0,0.52,-2.56666666666667,0.17,0,-0.535,0,0.376666666666667,1.01,0,0.52,0,-1.19,-0.54,0,-1.29,-0.17,-1.41,0,0,0,0,0,-4.9,3.73,0,-0.8025,-0.48,-0.08,0,0,-0.62,0,0,0,-0.96,0,0.93,-2.75,0,0,0,"control"
-1.03,0,0,0,0,-1.6,2.37,0,0,0,0,-0.53,1.135,0,0,0,-1.79,0,0,-0.58,0,0,-0.145,0,0,0,-1.73,0,1.42,0,0.19,0,2.09,0,0.43,0,0,0,0,1.38,0,1.62,0,0,-0.16,0,0.68,0,0,0,0.89,0,0,0,0.29,0,0,0,-0.18,0,-1.49,-1.89,0,0,0,0,0,0,0,0,0,-0.08,0,0,0,0,0,0,0,0,-0.42,0,3.76,0.65,0.99,0,0,2.36,0,0,-2.13,-2.62,0,1.23,2.34,-0.39,0.71,0,0,-0.56,1.25,-3.17,0,-2.23,0,0,0,0,0,2.975,0,0,0,0,0,0,0.48,0,-1.47,-0.74,-1.47,-1.755,0,0,0,-0.65,-0.29,-0.16,-1.99,-1.08,0,0,0,0.28,1.43,0,-2.43,0,0,0,1.82,0,0,0,0,1.26,0,0,0,-0.6,0,0,0,0,-0.9,0.435,0,1.43,0,0,-0.995,0.12,0,-0.5,0,3.93,0,-0.46,0,0,0,0,0,-4.625,-0.94,0.84,0,0,0,0,0,0,0,-6.47,-4.42,0,3.97,0,-0.22,0,0,-2.44,0.88,0,0,0,0,0,1.125,0,0,5.53,0.43,0,0,0,0,-2.18333333333333,0,0,0.29,0,0.38,-2.01,0,0,0.71,0,0,0,-1.38,0,-0.263333333333333,-4.74,-2.36,-3.93,0.27,0,0,0,0,0,0,1.34,0,0,0,0,1.69,0,0,-2.25,0,1.52,-0.585,0.13,0.78,0,0.39,1.35,0.67,0.66,0.81,0,0,-0.46,0,0,-1.31,0.11,7.23,0,0,0,0,0,0,0,-0.57,0,0,0,0,0,0,0,-2.5,0,0,0,0,0.95,0,0.38,0,0,0,0,0,0,0,0,0,0.12,-1.815,-3.97,0,0,1.11,0,0.93,-0.87,0,-4.3,0.217,-3.56,-0.675,-0.85,-1.57,0,0,0,0,0,1.96,0.3,-0.64,0,0,1.68,0,-2.6,-1.83,0,0,0,0,0,1.48,-2,-0.87,0,0,0,-0.89,0,0,0,0,0,0,3.03,0,0.68,0,0.473333333333333,0,0,0,0.645,0,0,-0.41,0.24,0,3.905,0,0,0,0,0,0,1.87,0,0,0,0,-2.29,-0.93,-1.845,0.32,0,0,1.5,-0.61,0,0,0,0,-2.25,0,0.543333333333333,0,0,0,0,0.04,-1.4,0,-1.64,0,0,1.03,0,0,0,0.0725,-1.23,-0.075,0,0,0,0,0,0,0,-1.23,0,0,0,0,0.68,0.06,-1.13,-2.97,0,0.02,-0.18,0.24,0,0,0,0,2,0,0,-1.97,0.87,0,-1.33,0,-0.61,0,0,-1.62,0,-2.17,0,0,0,-1.08,0,-1.755,0,0,0.55,0,0,0,-0.17,1.25,0,0,0,0,1.96,0,0,-2.65,0,0,0,0,0,0.43,0,0,0.43,-5.13,0,1.27,-0.83,0.17,0,-0.15,0,0,0,1.25,0,-1.87,0,1.02,0,0.4,0.88,0.316666666666667,0,-5.1,0,-0.02,0,0,-0.34,-0.63,2.64,1.81,-0.46,-0.675,1,0,0.84,0,0,0,0,0.81,0,1.25,0,0,0,0,0,-0.17,0,0,0,0,0,0,0.78,0,0.55,0,-2.3,-2.74,0,0,0,0,0,0,-0.95,-3.555,0,1.04,0,0,0,-0.02,0.23,0,0,-0.085,0,0,0.63,1.35,0.15,0,0,1.91,0.87,0,0,0,0,0.02,0,1.63,0,0,0,-7.84,0.57,0,-0.725,0,0,0,-0.56,-0.79,0,0,1.11,0,0,0,0,1.67,0,1.32,-0.06,0,0,0,-2.59,0,0,0,0,0,0,0,0,0,0,0,0,0,0,0,0.63,0,1.01,0,0.993333333333333,0,0,0,-0.75,0,0,0,0,0,1.5,0,0,0,0,-1.1,0.96,0,0.14,0,0,2.4,2.36,0,0,1.84,-0.91,1.54,0,0,-0.64,0,-0.15,-1.04,1.46,-0.93,0,5.5,0.82,0,5.7,0,-0.235,0,1.39,0,0,1.09,0,0,1.415,0,0,-1.45,0,0,0,0,0.04,0,2.11,1.12,0,0,-0.495,1.46,0,0,0,-6.23,0,0,-1.15,-0.635,0,-3.08,0,1.03,0,3.4,0,-0.36,0,0,0,0.28,1.505,0,-3.06,0,0,0,-1.2,0,-0.45,-0.56,0,-1.37,0,0,-0.49,0,1.74,1.42,0,0.28,0,0,0,0,0,0,0,0,0,0,0,-1.33,0,0,0,-1.45,0,0,0,0,0,0,0,0,0,0,0,0,-1.4,1.01,-0.93,0,0,0,0,0,0,-3.34,-1.63,-0.74,0.59,0,0,1.6,0,0,0,0.84,0,0,0,-0.63,-3.14,-1.21,0,0,0,0,-0.03,0,0,0,0,0,0,0,0,0.276,-0.18,0,0,0,0,0,0,-0.9,-0.23,0,0,-0.07,0,-1,3.52,-0.89,0.75,0,0,1.595,-0.465,0,-2,0,0,-1.27,1.57,1.35,0.095,0,0,-0.75,1.53,0,0,0,3.64,0,0.01,0.9,0,0,-6.2,0,0,-0.885,0,0,0,0,0,0,0,1.03,-0.295,0,-0.55,0.995,0,0,0,0,0,0,0,0,0,0,-2.15,0,0,0,0,0,1.24,0,0,0,0.25,-6.54,0,0.07,0,0,-1.57,-0.8,0,0,0,-0.88,0.47,0,0,0,0,-1.06,-1.02,0,0,0,0.9,0,0.03,0,-0.42,0.68,0,0,0,1.02,0,0,0,-3.17,0,0,2.615,0,-0.17,-1.4,0.24,0,-2.9,-0.8,0,0,0,0,0,0,-1.42,0,-0.35,0.23,0,0,0,0,0,0,0,0,0.36,1.27,-0.29,0,0,0,0,2.24,0,0,0,-1.35,-0.2,0,0.775,-3.99666666666667,0.755,0,-0.285,0,0.433333333333333,0.54,0,0.17,0,-0.5,-0.09,0,2.16,-0.92,0.39,0,0,0,0,0,-3.21,-2.26,0,-1.41,-0.61,0.73,0,0,1.3,0,0,0,1.24,0,-0.856666666666667,-0.76,0,0,0,"control"
0.14,0,0,0,0,-1,7.82,0,0,0,0,-0.35,1.325,0,0,0,-2.12,0,0,-0.98,0,0,0.87,0,0,0,0.79,0,-2.45,0,-2.05,0,0.785,0,1.5,0,0,0,0,0.83,0,-1.43,0,0,-1.59,0,-2.89,0,0,0,-2.14,0,0,0,-0.35,0,0,0,2.55,0,-2.08,-0.72,0,0,0,0,0,0,0,0,0,-0.07,0,0,0,0,0,0,0,0,1.07,0,2.02,1.78,3.8,0,0,0.29,0,0,0.69,-1.5,0,-2.57,0.12,-0.11,1.01,0,0,2.41,-1.13,0.15,0,2.1,0,0,0,0,0,-1.185,0,0,0,0,0,0,-3.68,0,1.375,-1.49,-0.845,2.84,0,0,0,1.3,-0.38,-0.86,-0.19,-0.68,0,0,0,1.45,-0.7,0,-0.4,0,0,0,-3.3,0,0,0,0,4.85,0,0,0,-0.39,0,0,0,0,0.5775,-0.305,0,1.94,0,0,-1.165,-2.82,0,-1.07,0,-0.33,0,-1.83,0,0,0,0,0,-2.66,-1.95333333333333,-1.68,0,0,0,0,0,0,0,-0.15,-1.98,0,0.05,0,-0.52,0,0,1.87,-0.72,0,0,0,0,0,-2.35,0,0,-1.85,1.41,0,0,0,0,0.463333333333333,0,0,0.41,0,-0.42,0.02,0,0,0.39,0,0,0,-1,0,-1.76333333333333,-0.98,1.28,-1.17,-1.87,0,0,0,0,0,0,2.94,0,0,0,0,0.385,0,0,0.34,0,-3.47,-1.915,0.29,2.57,0,0.425,-4.22,0.27,0.91,3.78,0,0,-0.21,0,0,-1.44,0.985,0.66,0,0,0,0,0,0,0,7.41,0,0,0,0,0,0,0,2.54,0,0,0,0,2.65,0,1.56,0,0,0,0,0,0,0,0,0,0.35,-1.19,-3.42,0,0,-2.57,0,-2.28,-1.69,0,0.02,-0.82,-0.62,-0.975,0.2,2.61,0,0,0,0,0,-0.25,-2.99,0.51,0,0,-0.06,0,1.33,0.675,0,0,0,0,0,-3.84,0.15,0.44,0,0,0,-1.23333333333333,0,0,0,0,0,0,1.45,0,-0.17,0,-0.7,0,0,0,-0.225,0,0,-3.53,-0.69,0,0.58,0,0,0,0,0,0,-1.87,0,0,0,0,0.86,0.22,-0.46,0.36,0,0,0.99,-0.25,0,0,0,0,1.45,0,0.28,0,0,0,0,3.82,0.41,0,-3.25,0,0,0.55,0,0,0,-0.2675,4.59,0.655,-2.22,0,0,0,0,0,0,2.52,0,0,0,0,0.3,-0.48,-0.64,-0.42,0,5.73,-2.12,0.08,0,0,0,0,0.1,0,0,-0.36,0.66,0,2.7,0,-0.98,0,0,-0.01,0,0.38,0,0,0,-0.84,0,2.635,0,0,-0.16,0,0,0,0.405,-0.44,0,0,0,0,-0.55,0,0,-1.04,0,0,0,0,0,-0.3075,0,0,0.54,-0.55,0,0.24,-1.075,-2.02,0,-0.88,0,0,0,1.445,0,-2.02,0,-2.41,0,0.81,0.36,0.576666666666667,0,-1.96,0,0.58,0,0,2.52,2.64,1.82,2.625,-0.82,0.945,2.17,0,2.14,0,0,0,0,-1.33,0,0.0700000000000001,0,0,0,0,0,-0.32,0,0,0,0,0,0,4.46,0,-3.26,0,0.74,0.35,0,0,0,0,0,0,-1.21,-0.655,0,3.28,0,0,0,-2.75,5.32,0,0,1.65,0,0,-0.65,1.64,-1.8775,0,0,4.63,2.67,0,0,0,0,1.84,0,-3.38,0,0,0,-4.94,-0.755,0,0.455,0,0,0,-0.74,-3.81,0,0,-0.573333333333333,0,0,0,0,-0.28,0,0.59,1.66,0,0,0,1.41,0,0,0,0,0,0,0,0,0,0,0,0,0,0,0,0.94,0,-0.58,0,-0.173333333333333,0,0,0,-0.48,0,0,0,0,0,-0.42,0,0,0,0,-2.44,-0.14,0,-0.82,0,0,6.69,0.04,0,0,-0.705,0.85,-1.49,0,0,-0.16,0,-0.84,-0.575,0.8,0.06,0,-0.43,-0.51,0,2.97,0,0.43,0,-0.13,0,0,1.15,0,0,0.775,0,0,-1.59,0,0,0,0,-1.13,0,-0.3,0.58,0,0,-0.19,-0.93,0,0,0,1.51,0,0,0.68,1.745,0,0.39,0,-2.66,0,2.85,0,1.53,0,0,0,0.25,1.055,0,-1.44,0,0,0,-0.21,0,-1.92,0.665,0,1.25,0,0,1.98,0,0.37,-2.365,0,1.19,0,0,0,0,0,0,0,0,0,0,0,-2.58,0,0,0,-1.28,0,0,0,0,0,0,0,0,0,0,0,0,-1.17,-1.51,0.29,0,0,0,0,0,0,-1,-0.36,-2.8,0.26,0,0,-1.2,0,0,0,-1.335,0,0,0,-0.62,-0.25,1.95,0,0,0,0,-3.21,0,0,0,0,0,0,0,0,1.918,-0.28,0,0,0,0,0,0,-3.26,-0.63,0,0,-1.71,0,0.71,-0.28,0.91,0.9,0,0,2.16,0.33,0,0.53,0,0,-7.91,2.82,0.5,1.24,0,0,-0.92,-2.7,0,0,0,0.68,0,0.68,-2.73,0,0,-0.48,0,0,1.045,0,0,0,0,0,0,0,0.88,0.83,0,1.25,1.365,0,0,0,0,0,0,0,0,0,0,-3.28,0,0,0,0,0,-0.25,0,0,0,-0.62,2.53,0,-3.08,0,0,0.315,-0.21,0,0,0,0.51,1.02,0,0,0,0,-2.82,0.66,0,0,0,-2.27,0,2.63,0,-5.58,0.37,0,0,0,4.46,0,0,0,-1.03,0,0,0.155,0,1.275,-0.4,2.53,0,-1.13,-2.44,0,0,0,0,0,0,-0.64,0,1.135,-1.53,0,0,0,0,0,0,0,0,2,1.655,-1.74,0,0,0,0,2.02,0,0,0,4.59,-6,0,-0.18,-4.61666666666667,1.16,0,0.135,0,0.59,0.64,0,0.68,0,-2.07,1.57,0,-1.91,-0.625,-0.16,0,0,0,0,0,1.62,-0.83,0,-0.35,1.39,0.76,0,0,-1.32,0,0,0,-1.23,0,-1.27,-5.15,0,0,0,"control"
-1.91,0,0,0,0,-0.83,-0.14,0,0,0,0,-0.42,0.325,0,0,0,-0.87,0,0,0.28,0,0,0.175,0,0,0,0.66,0,1.76,0,-0.15,0,-1.335,0,0.02,0,0,0,0,0.18,0,1.32,0,0,-0.39,0,0.16,0,0,0,1.35,0,0,0,-2.87,0,0,0,0.2,0,0.09,-0.825,0,0,0,0,0,0,0,0,0,-1,0,0,0,0,0,0,0,0,-0.15,0,2.51,0.57,-2.19,0,0,-0.78,0,0,-1.48,-1.2,0,-1.52,1.25,-0.44,-0.58,0,0,-0.68,1.56,-4.73,0,-0.66,0,0,0,0,0,-2.645,0,0,0,0,0,0,-2.44,0,0.135,-0.58,-1.38,0.765,0,0,0,-0.64,-0.49,-0.13,-1.52,0.3,0,0,0,1.23,-0.08,0,-0.07,0,0,0,1.84,0,0,0,0,0.43,0,0,0,-0.09,0,0,0,0,-0.665,-1.185,0,-2.81,0,0,0.845,-0.27,0,-6.89,0,0.12,0,2.54,0,0,0,0,0,-1.45,-1.02666666666667,-0.34,0,0,0,0,0,0,0,-0.79,-5.82,0,2.86,0,-0.58,0,0,0.52,1.58,0,0,0,0,0,2.41,0,0,0.32,-2.7,0,0,0,0,-0.0133333333333333,0,0,-3.23,0,0.13,-2.7,0,0,1.41,0,0,0,-0.41,0,0.0666666666666667,-4.88,1.32,-6.52,0.36,0,0,0,0,0,0,1.05,0,0,0,0,-0.065,0,0,-2.28,0,-0.97,-0.29,-3.83,-0.56,0,-0.38,1.96,-0.22,0.35,0.16,0,0,-0.37,0,0,0.07,0.185,-1.6,0,0,0,0,0,0,0,-0.09,0,0,0,0,0,0,0,-1.25,0,0,0,0,0.835,0,0.74,0,0,0,0,0,0,0,0,0,-4.96,-0.175,-5.31,0,0,0.04,0,1.57,-1.42,0,0.01,-0.085,0.53,-1.265,-0.36,-0.18,0,0,0,0,0,0.655,0.22,-0.2,0,0,-3.33,0,0.76,-0.72,0,0,0,0,0,1.77,0.15,0.16,0,0,0,-0.0633333333333333,0,0,0,0,0,0,0.41,0,0.78,0,-0.0333333333333334,0,0,0,-0.05,0,0,-0.63,-0.11,0,-0.45,0,0,0,0,0,0,1.52,0,0,0,0,-1.34,-0.47,0.105,-0.2,0,0,-1.14,-0.03,0,0,0,0,-0.78,0,0.0133333333333333,0,0,0,0,-0.41,-1.92,0,-1.84,0,0,-0.5,0,0,0,-0.06,-0.2,-0.745,0.18,0,0,0,0,0,0,-0.51,0,0,0,0,-0.59,-0.64,-0.72,-0.59,0,-1.99,-1.05,-0.86,0,0,0,0,0.56,0,0,-2.28,-1.04,0,1.43,0,-1.725,0,0,-1.32,0,-0.11,0,0,0,0.28,0,-3.56,0,0,1.12,0,0,0,0.535,1.73,0,0,0,0,-0.08,0,0,0.53,0,0,0,0,0,0.7675,0,0,0.7,0.66,0,1.48,-0.42,0.99,0,-0.81,0,0,0,-0.415,0,-1.46,0,1.34,0,1.07,-0.83,0.18,0,-4.94,0,-0.07,0,0,0.74,-3.31,-0.12,-1.82,0.15,-0.975,0.25,0,2.18,0,0,0,0,-0.11,0,0.34,0,0,0,0,0,-0.315,0,0,0,0,0,0,-0.88,0,-0.25,0,-0.9,-2.25,0,0,0,0,0,0,0.2,0.265,0,0.4,0,0,0,0.26,0.63,0,0,0.365,0,0,-1.72,-0.19,1.055,0,0,-6,0.09,0,0,0,0,0.36,0,-3.4,0,0,0,0.11,-0.555,0,-0.7,0,0,0,-1.69,0.61,0,0,-0.21,0,0,0,0,0.74,0,1.69,0.78,0,0,0,-0.68,0,0,0,0,0,0,0,0,0,0,0,0,0,0,0,-0.07,0,0.585,0,0.13,0,0,0,0.18,0,0,0,0,0,1.31,0,0,0,0,0.27,-0.63,0,0.43,0,0,1.6,-0.51,0,0,0.355,-1.55,1.13,0,0,-0.21,0,0.7,-0.92,0.28,0.37,0,-1.76,-0.39,0,3.14,0,0.07,0,-0.79,0,0,0.65,0,0,0.12,0,0,-0.57,0,0,0,0,-0.36,0,0.32,2.07,0,0,0.455,-0.01,0,0,0,-3.08,0,0,-0.44,0.31,0,0.94,0,1.1,0,1.4,0,-1.685,0,0,0,0.75,-0.445,0,-4.34,0,0,0,-0.32,0,0.22,-0.705,0,0.85,0,0,0.76,0,1.86,0.45,0,-0.45,0,0,0,0,0,0,0,0,0,0,0,-0.95,0,0,0,1.855,0,0,0,0,0,0,0,0,0,0,0,0,-5.76,0.47,-0.81,0,0,0,0,0,0,-1.01,0.66,-0.69,0,0,0,2.32,0,0,0,0.79,0,0,0,1.08,-0.9,-0.18,0,0,0,0,0.34,0,0,0,0,0,0,0,0,-0.462,0.61,0,0,0,0,0,0,-0.29,0.12,0,0,0.16,0,-0.64,0.52,1.25,-0.58,0,0,-0.175,0.315,0,-0.05,0,0,0.05,1.25,1.59,-0.775,0,0,0.16,2.31,0,0,0,-1.8,0,-0.55,-1.68,0,0,0.2,0,0,0.655,0,0,0,0,0,0,0,0.04,-0.69,0,0.89,1.495,0,0,0,0,0,0,0,0,0,0,-0.15,0,0,0,0,0,-0.66,0,0,0,-0.03,-1.55,0,-0.94,0,0,-0.705,0.24,0,0,0,0.42,-3.48,0,0,0,0,-1.29,1.52,0,0,0,1.97,0,-0.16,0,-0.79,0.99,0,0,0,0.06,0,0,0,-4.65,0,0,-0.655,0,-0.00500000000000012,-0.07,1.11,0,0.28,-0.15,0,0,0,0,0,0,0.55,0,-0.33,0.13,0,0,0,0,0,0,0,0,0.94,0.305,-0.28,0,0,0,0,-5.43,0,0,0,-5.69,0.52,0,0.37,-4.29333333333333,0.25,0,-1.115,0,0.773333333333333,-0.74,0,-0.4,0,-2.27,-1.75,0,0.8,-0.755,1.44,0,0,0,0,0,0.14,0.18,0,-0.615,1.34,3.2,0,0,1.73,0,0,0,1.86,0,0.133333333333333,0.01,0,0,0,"control"
0.59,0,0,0,0,-0.59,-0.72,0,0,0,0,-0.4,0.265,0,0,0,-1.44,0,0,1.1,0,0,0.085,0,0,0,-0.23,0,0.03,0,-0.48,0,-0.215,0,0.93,0,0,0,0,-0.15,0,-0.25,0,0,-0.42,0,0.24,0,0,0,0.85,0,0,0,1.83,0,0,0,0.29,0,-0.2,-0.225,0,0,0,0,0,0,0,0,0,-0.32,0,0,0,0,0,0,0,0,1.51,0,-0.35,0.21,-3.38,0,0,0.09,0,0,0.75,-0.04,0,0.06,-0.38,-0.02,-0.32,0,0,-0.31,-0.11,1.09,0,0.35,0,0,0,0,0,0.14,0,0,0,0,0,0,0.11,0,0.155,-0.23,-1.41,-0.275,0,0,0,-0.56,0.4,0.56,0.23,-0.61,0,0,0,-0.43,1.2,0,0.05,0,0,0,0.12,0,0,0,0,0.79,0,0,0,0.75,0,0,0,0,0.015,-1.135,0,-1.36,0,0,-0.735,0.39,0,-0.88,0,-0.21,0,-0.86,0,0,0,0,0,-0.735,-0.273333333333333,-0.29,0,0,0,0,0,0,0,-1,-1.81,0,2.35,0,0.31,0,0,0.29,0.31,0,0,0,0,0,-0.615,0,0,0.41,1.615,0,0,0,0,-0.283333333333333,0,0,-0.17,0,-1.29,-1.36,0,0,0.14,0,0,0,-0.95,0,-0.00666666666666666,-2.54,0.43,-0.64,-0.74,0,0,0,0,0,0,0.54,0,0,0,0,-1.41,0,0,-0.46,0,1.01,0.1,-0.28,1.51,0,-0.79,0,0.02,0.02,1.34,0,0,0.46,0,0,-0.15,0.215,-0.52,0,0,0,0,0,0,0,0.28,0,0,0,0,0,0,0,-0.8,0,0,0,0,0.705,0,1.13,0,0,0,0,0,0,0,0,0,-1.73,0.955,0.16,0,0,0.45,0,0,-0.43,0,0.8,-1.179,-0.78,0,0.69,0.58,0,0,0,0,0,0.515,-0.21,-0.26,0,0,0.41,0,-0.64,0,0,0,0,0,0,-0.01,-0.28,0.375,0,0,0,0.503333333333333,0,0,0,0,0,0,0.09,0,0.49,0,-0.38,0,0,0,0.235,0,0,0.48,-0.12,0,-0.445,0,0,0,0,0,0,0.56,0,0,0,0,-0.12,-0.18,-0.1,0.77,0,0,0.06,-0.34,0,0,0,0,-1.04,0,1.07666666666667,0,0,0,0,-0.02,-0.89,0,-0.24,0,0,-0.38,0,0,0,-0.1975,-0.22,0.105,0.49,0,0,0,0,0,0,1.38,0,0,0,0,0.82,0.3,-1.03,-0.335,0,-0.98,0.16,-0.69,0,0,0,0,0.02,0,0,0.33,0.68,0,0.13,0,-0.325,0,0,-0.815,0,0.48,0,0,0,0.33,0,0.595,0,0,0.56,0,0,0,1.22,0.2,0,0,0,0,0.2,0,0,-0.22,0,0,0,0,0,0.0825,0,0,0.01,0.48,0,0.26,-0.735,1.66,0,-0.21,0,0,0,0.43,0,1.07,0,-0.02,0,-1.23,0.83,0.283333333333333,0,-1.47,0,-0.07,0,0,2.03,-0.55,-2.22,0.82,0.09,1.02,-0.26,0,0.08,0,0,0,0,-0.415,0,-0.18,0,0,0,0,0,-0.23,0,0,0,0,0,0,-0.68,0,-0.18,0,0.42,-2.63,0,0,0,0,0,0,-0.1,0.81,0,0.22,0,0,0,-0.26,0.02,0,0,0.54,0,0,2.08,2.05,-0.015,0,0,-0.22,0.2,0,0,0,0,3.03,0,-1.15,0,0,0,-0.8,-0.42,0,-0.41,0,0,0,-0.75,-0.32,0,0,0.316666666666667,0,0,0,0,0.92,0,0.22,0.26,0,0,0,-1.36,0,0,0,0,0,0,0,0,0,0,0,0,0,0,0,-0.37,0,0.69,0,-0.17,0,0,0,-0.42,0,0,0,0,0,0.61,0,0,0,0,-0.13,-0.95,0,0.12,0,0,0.9,0.16,0,0,0.265,0.905,-0.72,0,0,-1.02,0,-0.14,-1.29,0.82,-0.02,0,0.43,-0.09,0,0.82,0,-1.45,0,0.43,0,0,0.15,0,0,0.525,0,0,-0.22,0,0,0,0,-0.71,0,0.35,-0.33,0,0,0.17,-0.35,0,0,0,-2.85,0,0,1.24,-0.71,0,-6.41,0,0.84,0,0.05,0,-2.345,0,0,0,0.68,-0.47,0,-0.02,0,0,0,0.59,0,-0.07,-0.035,0,0.36,0,0,-1.51,0,0.13,0.09,0,-0.33,0,0,0,0,0,0,0,0,0,0,0,0.26,0,0,0,1.4,0,0,0,0,0,0,0,0,0,0,0,0,-0.34,0.13,-0.15,0,0,0,0,0,0,0.6,2.15,-1.07,1.65,0,0,0.12,0,0,0,0.425,0,0,0,0.64,-1.63,0.76,0,0,0,0,0.28,0,0,0,0,0,0,0,0,0.68,0.21,0,0,0,0,0,0,-0.5,0.66,0,0,0.04,0,-0.64,-0.63,-1,1.15,0,0,-1.275,-0.1,0,0.32,0,0,0.67,0.49,0.18,-0.57,0,0,-0.24,0,0,0,0,-0.37,0,-0.32,7.22,0,0,-0.22,0,0,1.275,0,0,0,0,0,0,0,0.84,-0.995,0,-0.1,0.4,0,0,0,0,0,0,0,0,0,0,0.62,0,0,0,0,0,0.18,0,0,0,-0.83,-0.56,0,0.04,0,0,0.48,-0.11,0,0,0,0.7,-2.7,0,0,0,0,-0.32,0.55,0,0,0,-0.15,0,0.47,0,0.47,-0.18,0,0,0,-0.12,0,0,0,-0.11,0,0,-0.695,0,0.605,0.51,-0.77,0,0.09,-0.19,0,0,0,0,0,0,-1.01,0,-0.515,-0.94,0,0,0,0,0,0,0,0,0.25,0.655,1.28,0,0,0,0,3.06,0,0,0,0.34,0.05,0,-0.64,0.336666666666667,0.335,0,1.82,0,-0.863333333333333,0.16,0,1.56,0,-0.09,-1.43,0,0.73,-0.65,-0.28,0,0,0,0,0,0.14,-0.67,0,-0.225,1.52,-0.38,0,0,-0.1,0,0,0,0.13,0,0.13,0.1,0,0,0,"control"
0.41,0,0,0,0,-0.26,-2.47,0,0,0,0,0.29,0.145,0,0,0,1.45,0,0,-0.27,0,0,0.435,0,0,0,0.64,0,-1.72,0,-0.56,0,0.82,0,-0.18,0,0,0,0,-0.25,0,-1.3,0,0,0.19,0,0.3,0,0,0,-0.6,0,0,0,0.27,0,0,0,0.23,0,0.3,-0.16,0,0,0,0,0,0,0,0,0,0.16,0,0,0,0,0,0,0,0,-0.55,0,3.89,0.19,-3.44,0,0,-0.81,0,0,-0.39,0.38,0,-1.87,-0.15,0.31,0.52,0,0,0.34,-0.75,-0.02,0,-0.81,0,0,0,0,0,-0.025,0,0,0,0,0,0,0.65,0,0.335,-0.44,0.39,0.43,0,0,0,0.3,1.31,-0.14,-0.55,0.82,0,0,0,0.71,-0.09,0,0.31,0,0,0,-0.94,0,0,0,0,-2.16,0,0,0,0.45,0,0,0,0,0.3075,-0.25,0,1.34,0,0,-2.095,-0.43,0,-0.48,0,1.28,0,-0.36,0,0,0,0,0,-1.095,-0.03,-0.36,0,0,0,0,0,0,0,0.5,0.24,0,1.47,0,-0.19,0,0,0.72,0.26,0,0,0,0,0,-1.215,0,0,-0.73,0.735,0,0,0,0,0.503333333333333,0,0,0.55,0,-0.85,-0.13,0,0,-0.29,0,0,0,0.37,0,0.22,-1.02,-0.61,-0.03,0.19,0,0,0,0,0,0,1.84,0,0,0,0,0.415,0,0,1.43,0,-1,-0.8,-3.31,0.11,0,-0.005,-0.33,0.05,-0.33,0.25,0,0,-0.09,0,0,0.01,0.48,-0.12,0,0,0,0,0,0,0,0.46,0,0,0,0,0,0,0,0.49,0,0,0,0,0.41,0,0.83,0,0,0,0,0,0,0,0,0,-1.05,-0.215,1.04,0,0,0.03,0,0.41,-0.57,0,-0.29,-0.341,-0.52,-0.34,0.11,-0.24,0,0,0,0,0,0,-0.76,0.11,0,0,-0.85,0,-0.23,0.65,0,0,0,0,0,-1.37,-0.42,0.62,0,0,0,0.393333333333333,0,0,0,0,0,0,1.49,0,0.64,0,-1.97333333333333,0,0,0,0.51,0,0,0.09,0.75,0,-0.74,0,0,0,0,0,0,-0.25,0,0,0,0,-0.21,0.58,0.61,-0.06,0,0,0.88,-0.21,0,0,0,0,0.63,0,0.803333333333333,0,0,0,0,0.32,0.66,0,-0.25,0,0,0,0,0,0,-0.6125,0.11,-1.59,-0.16,0,0,0,0,0,0,-0.3,0,0,0,0,0.83,-0.59,0.81,0.02,0,0.49,-1.595,-0.85,0,0,0,0,0.47,0,0,-1.11,0.05,0,0.7,0,0.785,0,0,-0.165,0,-0.63,0,0,0,1.49,0,-0.815,0,0,-1.36,0,0,0,0.455,-1.64,0,0,0,0,1.48,0,0,0.31,0,0,0,0,0,-0.33,0,0,0.38,0.31,0,0.25,-0.23,1.02,0,0.49,0,0,0,1.96,0,-0.31,0,-0.78,0,-0.22,0.11,0.85,0,0.22,0,-0.14,0,0,-0.27,-2.29,0.19,-0.82,0.28,-2.84,-0.09,0,0.31,0,0,0,0,-1.435,0,0.145,0,0,0,0,0,0.385,0,0,0,0,0,0,0.48,0,-0.87,0,0.62,-2.96,0,0,0,0,0,0,-0.21,0.16,0,0.33,0,0,0,0.25,0.23,0,0,-0.155,0,0,-1.61,0.35,0.085,0,0,-0.03,0.64,0,0,0,0,0.72,0,-3.96,0,0,0,1.14,0.28,0,0.24,0,0,0,-0.05,-0.61,0,0,0.106666666666667,0,0,0,0,0.65,0,-0.49,-0.44,0,0,0,-0.28,0,0,0,0,0,0,0,0,0,0,0,0,0,0,0,0.55,0,0.275,0,1.85666666666667,0,0,0,0.1,0,0,0,0,0,0.68,0,0,0,0,0.02,0.29,0,0.31,0,0,0.88,3.1,0,0,0.345,-0.95,-0.34,0,0,1.93,0,-0.69,-0.755,2.14,0.17,0,1.96,0.08,0,-0.34,0,-0.19,0,-0.64,0,0,0.94,0,0,0.35,0,0,-0.54,0,0,0,0,0.31,0,-0.08,-0.18,0,0,0.29,0.13,0,0,0,-0.11,0,0,0.1,-0.03,0,-0.04,0,1.14,0,4.54,0,0.39,0,0,0,0.46,-0.42,0,0.63,0,0,0,-0.59,0,-0.39,0.205,0,0.29,0,0,0.07,0,-0.45,-3.065,0,0.6,0,0,0,0,0,0,0,0,0,0,0,-0.68,0,0,0,0.425,0,0,0,0,0,0,0,0,0,0,0,0,-0.4,-4.09,0.715,0,0,0,0,0,0,0.34,-0.1,-0.8,0.22,0,0,-1.24,0,0,0,-0.705,0,0,0,0.63,0.9,0.41,0,0,0,0,0.42,0,0,0,0,0,0,0,0,-0.054,0.38,0,0,0,0,0,0,0.23,0.23,0,0,-0.67,0,-0.58,0.37,-0.39,2.49,0,0,-0.465,-0.225,0,-0.22,0,0,0.66,-0.32,-0.04,0.025,0,0,-0.02,-1.58,0,0,0,1.84,0,-0.13,0.43,0,0,-1.51,0,0,0.21,0,0,0,0,0,0,0,1,-0.8,0,1.16,0.5,0,0,0,0,0,0,0,0,0,0,0.54,0,0,0,0,0,2.17,0,0,0,1.1,-0.2,0,0.25,0,0,-0.34,-0.77,0,0,0,-0.49,-0.26,0,0,0,0,0.76,1.23,0,0,0,-0.06,0,-0.04,0,0.63,-0.23,0,0,0,0.18,0,0,0,0.54,0,0,-0.04,0,-1.85,0.36,1.2,0,-0.36,0.28,0,0,0,0,0,0,-0.87,0,0.175,0.36,0,0,0,0,0,0,0,0,1.09,0.265,-0.33,0,0,0,0,-0.99,0,0,0,0.33,0.62,0,-0.9,-0.6,0.575,0,0.54,0,-0.943333333333333,0.17,0,-0.48,0,0.5,-0.73,0,0.84,-0.215,-0.56,0,0,0,0,0,0.3,0.03,0,0.0525,0.55,-0.05,0,0,-0.68,0,0,0,0.21,0,-0.35,1.69,0,0,0,"control"
-0.51,0,0,0,0,-5.75,3.32,0,0,0,0,0.36,0.68,0,0,0,-1.62,0,0,0.28,0,0,0.42,0,0,0,0.43,0,-0.07,0,-0.98,0,1.425,0,1.77,0,0,0,0,1.76,0,-1.2,0,0,-1.18,0,0.87,0,0,0,-0.6,0,0,0,0.04,0,0,0,-0.03,0,2.76,-0.6,0,0,0,0,0,0,0,0,0,-2.93,0,0,0,0,0,0,0,0,-1.17,0,1.22,1.45,2.79,0,0,-2.39,0,0,-4.54,-0.98,0,-2.18,0.08,0.01,2.12,0,0,0.33,0.35,-3.28,0,-0.31,0,0,0,0,0,-0.595,0,0,0,0,0,0,-0.43,0,-0.115,0.65,-3.22,-0.26,0,0,0,-0.21,0.5,-2.91,-1.95,1.05,0,0,0,1.43,1.65,0,-1.02,0,0,0,-0.25,0,0,0,0,2.13,0,0,0,-1.14,0,0,0,0,-0.4975,0.37,0,1.04,0,0,-0.105,0.89,0,-3.28,0,0.76,0,0.01,0,0,0,0,0,-0.09,-0.643333333333333,1.38,0,0,0,0,0,0,0,-0.47,-7.41,0,0.07,0,-0.16,0,0,3.37,0.09,0,0,0,0,0,-1.15,0,0,1.13,-0.715,0,0,0,0,1.41,0,0,-1.86,0,-0.52,-1.99,0,0,-1.53,0,0,0,0.2,0,-0.193333333333333,-3.19,1.28,-3.97,1.74,0,0,0,0,0,0,3.23,0,0,0,0,0.865,0,0,-1.67,0,-2.27,-1.47,-2.45,2.85,0,-0.66,0.08,-0.46,0.49,1.47,0,0,-0.12,0,0,-0.31,1.51,-4.17,0,0,0,0,0,0,0,1.23,0,0,0,0,0,0,0,-0.61,0,0,0,0,1.38,0,3.27,0,0,0,0,0,0,0,0,0,-1.18,0.185,-3.26,0,0,-0.03,0,0.71,-0.03,0,1,-0.097,0.53,2.025,0,-0.97,0,0,0,0,0,1.225,0.41,0.88,0,0,-2.57,0,1.31,-0.65,0,0,0,0,0,-0.62,0.31,1.025,0,0,0,0.0666666666666666,0,0,0,0,0,0,-1.92,0,0.11,0,1.56,0,0,0,1.28,0,0,-0.73,-0.55,0,-0.78,0,0,0,0,0,0,3.37,0,0,0,0,0.33,0.79,-0.095,0.69,0,0,-2.25,-0.2,0,0,0,0,0.16,0,0.14,0,0,0,0,-0.15,1.05,0,-0.9,0,0,-2.56,0,0,0,-0.045,1.35,-0.96,-0.49,0,0,0,0,0,0,0.6,0,0,0,0,0.99,-2.41,-0.67,-2.95,0,0.32,0.725,1.16,0,0,0,0,1.15,0,0,-1.62,1.41,0,1.44,0,-0.42,0,0,-0.0349999999999999,0,0.36,0,0,0,1.72,0,0.13,0,0,0.18,0,0,0,0.45,-0.63,0,0,0,0,0.58,0,0,-0.31,0,0,0,0,0,0.2775,0,0,1.94,1.39,0,0.51,1.01,1.91,0,0.31,0,0,0,1.19,0,-1.15,0,-2.38,0,-2.08,-0.22,1.27333333333333,0,-3.25,0,0.57,0,0,-0.67,-2.81,1.13,-1.105,0.76,-0.36,0.25,0,0.62,0,0,0,0,-0.775,0,0.34,0,0,0,0,0,0.56,0,0,0,0,0,0,0.18,0,0.33,0,-0.59,0.26,0,0,0,0,0,0,0.01,-0.475,0,-1.77,0,0,0,-2.16,1.54,0,0,-0.345,0,0,-0.18,1.02,-0.095,0,0,3.03,0.02,0,0,0,0,2.58,0,0.53,0,0,0,-3.18,0.965,0,-0.125,0,0,0,-0.11,0.3,0,0,-0.36,0,0,0,0,1.07,0,0.37,0.17,0,0,0,-0.88,0,0,0,0,0,0,0,0,0,0,0,0,0,0,0,1.56,0,1.145,0,-1.96,0,0,0,0.21,0,0,0,0,0,1.96,0,0,0,0,-0.44,0.64,0,1.26,0,0,2.15,-1.9,0,0,0.585,-1.74,1.28,0,0,1.34,0,1.51,0.35,2.66,0.28,0,-1.06,1.01,0,2.68,0,0.725,0,1.94,0,0,2.24,0,0,0.65,0,0,-2.09,0,0,0,0,-0.11,0,-0.09,-0.07,0,0,-0.005,-1.2,0,0,0,-5.36,0,0,0.13,-1.315,0,-3.75,0,2.64,0,-0.85,0,-1.795,0,0,0,-0.7,-4.76,0,-1.38,0,0,0,-0.53,0,-0.66,0.445,0,1.69,0,0,1.85,0,-0.23,0.945,0,-1.53,0,0,0,0,0,0,0,0,0,0,0,-3.31,0,0,0,-0.81,0,0,0,0,0,0,0,0,0,0,0,0,-3.64,1.15,-0.07,0,0,0,0,0,0,0.24,3.78,0.43,0.88,0,0,0.14,0,0,0,-0.65,0,0,0,1.2,-3.34,0.32,0,0,0,0,1.09,0,0,0,0,0,0,0,0,-0.35,-0.62,0,0,0,0,0,0,0.47,1.02,0,0,-1.54,0,-0.34,1.21,-0.33,0.07,0,0,-0.375,0.125,0,0.47,0,0,0.76,-5.55,0.76,-0.74,0,0,-0.61,-4.61,0,0,0,0.07,0,-0.05,-0.26,0,0,1.83,0,0,0.905,0,0,0,0,0,0,0,-1.2,-0.89,0,2.1,2.25,0,0,0,0,0,0,0,0,0,0,-0.47,0,0,0,0,0,-1.59,0,0,0,0.05,2.32,0,0.36,0,0,-0.57,-0.05,0,0,0,0.8,2.81,0,0,0,0,-1.85,3.51,0,0,0,-4.07,0,0.39,0,-2.05,4.67,0,0,0,0.62,0,0,0,-2.36,0,0,-1.155,0,-0.695,-0.41,0.59,0,1.69,-0.37,0,0,0,0,0,0,-0.37,0,0.195,0.13,0,0,0,0,0,0,0,0,1.59,1.15,-0.37,0,0,0,0,0.86,0,0,0,1.42,1.3,0,-1.03,-2.43333333333333,0.65,0,-1.3,0,-0.796666666666667,-0.18,0,-0.24,0,-5.06,0.88,0,1.43,-0.57,1.25,0,0,0,0,0,0.52,-0.02,0,-0.8125,0.98,1.23,0,0,0.64,0,0,0,-1.31,0,-2.11666666666667,0.94,0,0,0,"control"
